SourceFile,ParentObjectID,WasSeparated,SeparationPart,SeparationPartsTotal,MorphologyLabel,DatasetSplit,ObjectID,Volume_um3,SurfaceArea_um2,EquivalentDiameter_um,Sphericity,MajorAxisLength_um,IntermediateAxisLength_um,MinorAxisLength_um,Elongation,Flatness,BoundingBoxX_um,BoundingBoxY_um,BoundingBoxZ_um,CentroidX_um,CentroidY_um,CentroidZ_um,SomaVolume_um3,SomaCellVolumeRatio,NumberOfSomas,PossibleMerged
1.tif,1,0,1,1,Ramified,Training,1,2620.1896,4089.2726728188,17.104538676611,0.224763886566188,49.8018779221759,34.1728343112129,26.6056192135759,1.45735286305575,1.28442168689597,35.7,40.29,36,42.4892034324538,69.3067596841085,18.8585105444278,219.4666,0.0837598164651901,1,0
1.tif,2,0,1,1,Amoeboid,Training,2,390.3812,447.261519556229,9.0676919443695,0.577539712947631,25.1011534152103,12.2545862413656,5.84807474410782,2.04830688860638,2.09549070037325,12.41,7.99,26,55.5439635771395,5.44805448623038,8.54249333728161,0,0,0,0
1.tif,3,0,1,1,Exclude,Training,3,1404.4822,1429.04556786496,13.8943810689299,0.424406675974872,40.3148563206512,24.8198572885585,13.2822336449186,1.62429847407848,1.86865085738451,29.92,27.71,26,139.444054899378,109.126483394378,6.94102637968641,176.6368,0.125766492448249,1,0
1.tif,4,0,1,1,Ramified,Training,4,1774.1132,2730.67751792406,15.0196876663624,0.259538183817229,40.4713692997583,32.191244156902,21.8893815178274,1.2572166860808,1.47063287880859,23.8,32.13,40,128.340961099889,131.36168730045,22.1640711539715,156.349,0.0881279728937252,1,0
1.tif,5,0,1,1,Ramified,Training,5,4142.2948,6044.36584893154,19.9257247659206,0.206360885987457,55.0854119422654,36.6015156920542,34.1928858393918,1.50500357432531,1.0704424266491,34.34,52.19,34,101.674446180894,59.9317059693578,23.7569558786593,235.0148,0.0567354114921999,1,0
1.tif,6,0,1,1,Activated,Training,6,1272.6404,1500.50887130624,13.4452545186913,0.378485600113167,29.0143078266575,27.672157825149,16.3530297748067,1.04850181940957,1.69217314505111,25.16,21.08,26,131.20510128077,27.11042147334,32.5695340176219,213.3398,0.167635570896539,1,0
1.tif,7,0,1,1,Exclude,Training,7,231.2578,308.148365271422,7.61551461342698,0.591273637797674,15.3162383521155,10.4872507552327,8.43347009339776,1.46046268079108,1.24352735458715,8.5,10.2,16,58.9186178455386,166.571022244439,37.0882279430142,0,0,0,0
2.tif,1,0,1,1,Ramified,Training,1,1770.5874,2691.66364296762,15.0097312301561,0.262951053799326,38.8816633765317,37.5727427211532,19.8566547285316,1.03483697384278,1.89219902520467,33.15,29.07,40,28.1473394705056,140.641960630692,23.7675056311821,171.2036,0.0966931087389417,1,0
2.tif,2,0,1,1,Exclude,Training,2,1246.6882,1824.15375772609,13.3532324403279,0.307086870251652,41.805016569841,37.5721175634737,20.3943497936729,1.11266064520362,1.84228072694576,20.23,37.06,40,29.7046803282489,44.363324215309,10.1646807918772,121.1488,0.0971765033149427,1,0
2.tif,3,0,1,1,Ramified,Training,3,1463.496,1919.73740340237,14.0863228893939,0.324715727768044,42.20164633609,27.5712498441338,12.8239040035847,1.53063958197996,2.14998878940662,29.41,32.98,28,79.9408751974725,152.551473933649,10.5552132701422,137.7952,0.0941548183254344,1,0
2.tif,4,0,1,1,Exclude,Training,4,1047.914,1484.83096744105,12.6020831283765,0.336014126621242,47.0201119199072,25.4327457131002,19.0668528794275,1.84880203067054,1.33387223753855,23.63,25.33,40,68.447522890237,100.097312741313,25.5569773855488,0,0,0,0
2.tif,5,0,1,1,Exclude,Training,5,1064.4448,1355.44677710058,12.6680034837314,0.371949305119142,48.5171435177279,22.1253313045341,16.8350926358933,2.19283240779249,1.31423876203459,20.23,44.54,26,88.8230799304951,41.9348626194613,7.87706342311034,120.6286,0.113325369244136,1,0
2.tif,6,0,1,1,Activated,Training,6,1505.8056,2101.9647347916,14.2207803515701,0.302253476150756,38.9686760458633,34.5689003300328,19.1469706826478,1.12727554749574,1.80545011025485,21.59,27.54,40,117.271777598649,25.4333690311684,28.1321971441732,172.244,0.114386611392599,1,0
2.tif,7,0,1,1,Ramified,Training,7,2172.9332,3426.17378512876,16.0700015159535,0.236794886837173,46.1987709354106,42.1338435472548,22.5744248230951,1.09647653871399,1.86644150969238,34.85,32.64,40,149.031223067511,95.6920295791882,29.0394743842102,116.756,0.0537319785072086,1,0
3.tif,1,0,1,1,Activated,Validation,1,553.8974,720.37790307906,10.1892816735074,0.45276893952161,33.4818000680628,21.2193363635132,10.0134760024452,1.57789100914744,2.11907796636568,20.74,13.6,30,76.7949942606698,132.899854951477,7.27684441197955,0,0,0,0
3.tif,2,0,1,1,Ramified,Validation,2,1039.5908,1556.34306464429,12.5686298137162,0.3188749533601,38.3841300806904,25.5113097617688,14.7773905223774,1.50459268611182,1.72637447207862,35.19,21.42,32,81.3797353497163,97.4608884688092,19.1088624485711,112.3054,0.108028466585122,1,0
3.tif,3,0,1,1,Amoeboid,Validation,3,370.0934,419.512155297286,8.90780919686514,0.594219823060002,29.0028269887327,10.1909326158358,6.56005482561062,2.8459443391535,1.55348284225464,14.28,6.63,28,104.381858503826,169.776740590348,7.83913790410745,0,0,0,0
3.tif,4,0,1,1,Activated,Validation,4,709.5528,978.838471450787,11.0661197435717,0.39303350389146,27.1128446501043,16.5317060126696,14.3550637859493,1.64005122213797,1.15162887878288,27.54,16.15,18,150.020582437276,44.9090118931248,7.55881394591072,0,0,0,0
3.tif,5,0,1,1,Amoeboid,Validation,5,734.1756,918.043788575828,11.1926719443814,0.4287005353307,27.4151710767909,19.3153327484218,9.03031712006003,1.41934759467351,2.13894290661338,21.08,17.51,24,40.0205321996536,136.52054637065,18.0085025980161,105.8896,0.144229255235396,1,0
3.tif,6,0,1,1,Ramified,Validation,6,1118.3144,1744.76610687015,12.8781980079399,0.298622724204091,37.0160913546297,34.8148581206428,19.4117407637455,1.06322683339277,1.7934949031292,20.91,37.4,34,24.7311603266487,31.1357266900973,21.6542278271656,122.536,0.109572048790573,1,0
3.tif,7,0,1,1,Activated,Validation,7,932.603,1178.47165606925,12.1217706295795,0.391708373055693,34.3085404475114,19.5048797906082,18.0351687770343,1.75897215547216,1.08149139227604,17.34,29.58,28,79.3977861791137,34.0366340254106,33.4065075921909,113.866,0.122094824914782,1,0
4.tif,1,0,1,1,Activated,Training,1,591.9298,686.501457713501,10.4173485209522,0.496618389398466,20.8291098459385,16.6349825003086,10.4789157273977,1.25212694666508,1.58747173210063,11.22,16.15,20,29.1816678058784,45.7198076359731,7.89649448296065,0,0,0,0
4.tif,2,0,1,1,Activated,Training,2,694.178,1024.40210330984,10.9856074054144,0.370107222450062,29.4602025577181,26.5046002338175,11.5754546966266,1.11151280524238,2.28972432862976,24.82,17.85,28,36.624454621149,140.445592006661,15.5235636969192,0,0,0,0
4.tif,3,0,1,1,Activated,Training,3,647.3022,881.467951582093,10.7325475247164,0.410533863494677,29.2326896745448,21.1781612692548,11.0848052223074,1.38032236618119,1.91055781716717,12.92,20.91,30,55.0180203589607,88.0221412626128,18.8238235556746,0,0,0,0
4.tif,4,0,1,1,Activated,Training,4,817.1186,951.250254644842,11.5992210420943,0.444337263513718,28.1709277766751,18.7588162619254,9.01204730510612,1.50174336073931,2.0815266084208,22.78,10.88,26,66.0847251892197,23.266791398458,13.8552733960529,100.6876,0.123222748815166,1,0
4.tif,5,0,1,1,Amoeboid,Training,5,295.9938,351.828062167403,8.26852411432455,0.610485553173562,19.361554180078,12.3319130421856,7.92142494268984,1.57003654776393,1.55677963641704,7.99,13.94,16,133.616547549307,38.8568346026167,5.59656317125561,0,0,0,0
4.tif,6,0,1,1,Activated,Training,6,883.473,1202.7406036812,11.9050590274511,0.370203914060868,27.5765501955548,25.1262581737507,15.4059841034954,1.09751917714369,1.6309414578748,21.08,21.42,24,89.8669604187112,71.8753215570821,12.7636244684331,114.2128,0.129277069021917,1,0
4.tif,7,0,1,1,Exclude,Training,7,538.9272,697.461577064521,10.0966467127026,0.459180996147536,19.2563840127717,17.314052311518,8.08641982244425,1.1121823860935,2.14112706138036,12.24,18.19,18,113.796512226512,102.752857142857,32.0405405405405,0,0,0,0
4.tif,8,0,1,1,Activated,Training,8,559.5618,625.336684401798,10.2238973102827,0.525132531818656,28.0687560240189,15.8330647378938,9.7699211779284,1.77279361189252,1.62059288396952,10.37,26.35,16,155.171824191715,108.771640326413,35.8706745170953,0,0,0,0
5.tif,1,0,1,1,Activated,Test,1,1112.4766,1595.1116103582,12.8557500740087,0.325501982602414,33.2753058664389,32.8849487181345,27.3330533327406,1.0118703894493,1.20312020460384,29.07,31.11,34,46.9821546214995,91.9327708214268,12.792019535512,181.492,0.163142307892139,1,0
5.tif,2,0,1,1,Ramified,Test,2,2318.5314,3259.47044860526,16.4211960669719,0.259903661497308,57.1188401805394,37.432751784514,33.3178524284232,1.52590545598546,1.12350433945078,30.43,59.33,38,145.123841896644,43.6747727669333,19.836711290604,174.267,0.0751626654700471,1,0
5.tif,3,0,1,1,Ramified,Test,3,1544.4738,2252.52261060845,14.3414800918147,0.286859120386449,49.9881829864289,31.8337513781552,25.9669145317627,1.57028879168578,1.22593507747007,35.53,36.72,32,100.175405860559,135.984177613113,27.6298042737921,147.4478,0.0954679839826354,1,0
6.tif,1,0,1,1,Exclude,Validation,1,251.1988,398.186980255207,7.82839947900745,0.48351369094744,13.5188241379405,12.1481973807603,6.1894727682181,1.11282552581429,1.96271925504532,10.2,10.03,14,7.46372756557754,137.689712379199,6.0188679245283,0,0,0,0
6.tif,2,0,1,1,Exclude,Validation,2,220.8538,299.804680618609,7.49955367801814,0.589362229428061,13.7211031100165,13.3920623837028,6.1928214334918,1.02456983225482,2.16251389250082,9.52,13.94,14,52.7835095524733,110.666040303585,4.26589897932478,0,0,0,0
6.tif,3,0,1,1,Ramified,Validation,3,3239.6322,5039.9722203218,18.3582957302541,0.210080843795634,76.144490990642,46.6224596381794,39.7397005740035,1.6332147977943,1.17319604739746,73.44,47.43,40,76.7421019108279,103.727185319988,28.6797266677372,107.9704,0.0333279808738782,1,0
6.tif,4,0,1,1,Exclude,Validation,4,1556.265,3004.98003433777,14.3778840199205,0.216121629793409,53.001270812007,37.2909046190514,21.5620196645395,1.42129217173588,1.72947178414735,29.24,47.94,40,132.899616713092,122.899594800371,12.8677437325905,0,0,0,0
6.tif,5,0,1,1,Activated,Validation,5,1443.844,2245.29756301684,14.0229876014339,0.275142112753578,42.8135190724413,42.296893719957,26.7273987014328,1.0122142622554,1.58252938089667,27.37,43.69,40,144.353301841473,43.3897846277022,28.9226581265012,114.2706,0.0791433146517214,1,0
6.tif,6,0,1,1,Ramified,Validation,6,2724.3452,3706.86198548008,17.3282420001884,0.254479302148911,47.3190472268211,40.9987791430365,28.1198736212066,1.15415747043917,1.4580001210289,38.59,33.32,38,66.1197712903637,53.2053941952732,22.9089828998175,248.4244,0.0911868290406076,1,0
6.tif,7,0,1,1,Exclude,Validation,7,200.1036,391.040678665671,7.25691595214546,0.423089377036254,22.2827741601682,9.21250690487948,3.48968095938085,2.41875250572305,2.63992812297488,6.12,20.91,12,145.747943385326,66.5414471403813,13.9225880993645,0,0,0,0
6.tif,8,0,1,1,Exclude,Validation,8,354.7186,619.784438718538,8.78270805107868,0.3909904030451,26.6487097315134,11.1899427323043,8.78412808723188,2.3814875883664,1.27388200868443,18.87,18.53,16,39.7111634349029,59.2067867036011,23.9736027374939,0,0,0,0
6.tif,9,0,1,1,Amoeboid,Validation,9,319.8652,365.181270427999,8.48508356171858,0.619374932952785,18.5842738561616,13.8935504242521,6.79376011518709,1.33761877192467,2.04504577563665,9.52,14.79,16,97.3884044091072,31.5604047705096,36.1781713046621,0,0,0,0
6.tif,10,0,1,1,Exclude,Validation,10,389.7454,698.686112946169,9.06276652680923,0.369308535500021,36.7320787632569,10.0505136654125,7.06824012549478,3.65474641258044,1.42192589484344,8.67,35.7,16,114.466624647783,82.2282663502892,34.2974936971674,0,0,0,0
6.tif,11,0,1,1,Activated,Validation,11,559.6774,633.529350981019,10.2246013142313,0.51841301689438,16.5379962304288,13.65388698075,12.7947504969024,1.21122990498933,1.06714757619194,13.43,14.11,14,46.6149199628214,111.136793349169,36.9300836517608,0,0,0,0
7.tif,1,0,1,1,Ramified,Training,1,1787.5806,2133.74446612832,15.0575970209655,0.333824959677812,31.5735488139484,25.2791676356712,22.8760916065826,1.24899479559585,1.10504749108441,24.48,33.49,20,36.3848591845313,111.792647524816,9.29679568015003,122.9984,0.0688071911274938,1,0
7.tif,2,0,1,1,Ramified,Training,2,3482.6812,5854.42466333606,18.8063724609118,0.189791045027871,53.8028258601157,41.1738945951939,32.4941022001189,1.30672180489809,1.26711900952423,47.6,37.4,40,62.0467187240682,50.4762146911407,22.6951903608059,200.5082,0.057572941215521,1,0
7.tif,3,0,1,1,Activated,Training,3,1053.2894,998.012074202199,12.623594352163,0.501626114936933,25.9533695642675,19.1507298097762,11.3558444782467,1.35521569266873,1.68642057809628,15.47,18.19,24,77.6795236788675,127.279456181748,32.7376392471053,173.8624,0.165066125226362,1,0
7.tif,4,0,1,1,Ramified,Training,4,2187.9612,2949.46909886131,16.1069631329881,0.276333381460444,43.4770070861436,36.1014591263325,24.7761820098254,1.20430055012462,1.45710340326108,33.49,47.77,22,115.947270830031,30.5672880012681,34.9898557616104,157.6206,0.072039942938659,1,0
8.tif,1,0,1,1,Activated,Training,1,996.4142,1402.22278141159,12.3921623718954,0.344054343182514,30.2969022868153,19.6336092032167,17.2506714891726,1.54311425745663,1.13813593955109,28.73,21.42,16,55.3660583560531,97.5706514298971,5.7101920064969,0,0,0,0
8.tif,2,0,1,1,Ramified,Training,2,1236.8622,1955.19799522222,13.3180578888358,0.284997418374442,47.213345701962,25.3283783569344,20.3187092207031,1.86404929035008,1.24655449722795,41.31,29.41,38,48.29607925604,39.5335520351417,17.3956726949857,125.0792,0.101126220851442,1,0
8.tif,3,0,1,1,Exclude,Training,3,506.2124,930.088783135461,9.88806666278117,0.330254114629791,36.6852803705869,23.2896933564875,20.3272995445531,1.57517232232549,1.14573474481652,30.26,27.88,24,79.227628453985,147.127817994976,5.51701301667047,0,0,0,0
8.tif,4,0,1,1,Activated,Training,4,644.5856,953.825284054411,10.7175123415841,0.378328472296668,39.5024968139795,21.4611330834076,11.934249442251,1.84065289844926,1.79828092141501,20.06,17,38,141.450640243902,159.913795731707,10.3775107604017,0,0,0,0
8.tif,5,0,1,1,Ramified,Training,5,1677.5294,2563.72841563494,14.7420259943463,0.266312898238998,35.5415382595604,29.5202079102382,29.1632190027005,1.20397316874025,1.0122410666499,25.5,30.43,36,86.9688967370708,110.810027564345,24.8933604382731,135.83,0.0809702649622713,1,0
8.tif,6,0,1,1,Exclude,Training,6,235.3038,372.427427170036,7.65967082449765,0.49491250602181,23.7702248503245,8.21698140059596,3.85574506827098,2.8928171662407,2.13110080026133,4.59,11.22,24,111.444291328912,88.5765561287153,20.6730533038565,0,0,0,0
8.tif,7,0,1,1,Ramified,Training,7,1912.891,2803.71917439882,15.4015300370967,0.265792728418095,41.2778705772028,35.2628183356178,23.2889541500809,1.17057775088582,1.51414349087442,31.96,38.42,28,36.0448542075843,90.7541828070707,31.8063755854359,140.3962,0.0733947726242635,1,0
8.tif,8,0,1,1,Ramified,Training,8,2507.8264,3584.05306535643,16.8564564370454,0.249062307018909,40.494427151623,38.2871793900843,28.2189635599228,1.05764978764955,1.35678900143805,42.16,29.75,28,138.398121369964,117.845388586706,31.3579330690514,175.8854,0.0701345994284134,1,0
8.tif,9,0,1,1,Exclude,Training,9,279.463,373.251595878985,8.11163807068648,0.553815783910247,26.3089576984279,8.76871525543025,4.73085799165445,3.0003206777795,1.85351478968484,23.29,5.1,16,58.353563598759,83.6820517063084,36.0479834539814,0,0,0,0
9.tif,1,0,1,1,Exclude,Training,1,206.2882,367.146650451559,7.33092181979984,0.459861951860545,20.6338874368795,9.62632058696704,5.46153501844137,2.14348641835339,1.76256685244403,20.06,6.63,10,13.0457971420567,74.7989044550295,5.41272065004203,0,0,0,0
9.tif,2,0,1,1,Activated,Training,2,227.6742,407.19745955236,7.57597266431203,0.442814272986654,19.5735052685008,9.74869492798858,8.28557020209331,2.0078077540723,1.17658708938651,9.35,12.75,18,44.9097791317593,56.212254379284,11.967504442752,0,0,0,0
9.tif,3,0,1,1,Activated,Training,3,906.015,1243.96901344257,12.0054632280898,0.363997293086976,29.8840256215779,22.0765979522422,11.770637238804,1.35365175767685,1.87556523103632,17,21.59,34,52.6652842105264,73.8113103668261,15.3002870813397,138.4888,0.152854864433812,1,0
9.tif,4,0,1,1,Ramified,Training,4,1386.044,2151.6710532807,13.8333107064024,0.279399907927606,44.188202249683,29.5554218580309,22.6343495189429,1.49509631301967,1.30577739083227,30.43,26.35,36,64.3412710592162,14.4655821517931,9.00592160133445,163.7474,0.11814011676397,1,0
9.tif,5,0,1,1,Activated,Training,5,691.577,960.227499167489,10.971869657771,0.393855589141636,37.0750246338393,19.9435108679291,10.3169832315501,1.85900190188976,1.93307582462095,18.19,16.32,38,122.904217300459,17.9478370246553,13.2835770998746,0,0,0,0
9.tif,6,0,1,1,Activated,Training,6,871.9708,1119.14178933609,11.8531679984863,0.394397033355824,35.7370907820663,19.6752095814353,13.3028614743722,1.81635121263391,1.47902085722981,18.7,13.94,38,83.7369448495292,116.025405674135,21.2334614874718,147.7368,0.169428609306642,1,0
9.tif,7,0,1,1,Ramified,Training,7,1237.9604,1957.90826295348,13.3219983883166,0.284771345363677,44.8928370835407,34.0971360349419,16.439245344873,1.31661606527702,2.07413024865986,25.16,40.46,34,33.3139121299842,128.00377719675,22.6932486693435,127.1022,0.102670650854422,1,0
9.tif,8,0,1,1,Activated,Training,8,604.7614,771.532206132817,10.4920853263342,0.448249114957938,29.2240747363841,16.8590864629278,11.3989834067697,1.73343168982769,1.47899912310736,18.87,8.84,32,129.948159227755,73.7350262830928,22.5061645799484,101.2656,0.167447194877186,1,0
9.tif,9,0,1,1,Exclude,Training,9,226.6916,511.353960492893,7.56505811230938,0.351603173033966,30.100793305065,11.2504620370425,7.48393595916369,2.67551618822028,1.50328144153437,12.75,11.05,30,107.739905660377,21.5200841407445,24.2712901580826,0,0,0,0
9.tif,10,0,1,1,Activated,Training,10,551.8166,773.303407578215,10.1765064662875,0.420724084980762,22.6880028075934,17.0865602349775,12.6861318445241,1.32782739741551,1.34686919893181,13.6,17.34,24,129.861516706819,111.6492227925,23.8158583848329,0,0,0,0
9.tif,11,0,1,1,Activated,Training,11,764.0004,842.92068053345,11.3422266431357,0.479468197208896,27.6420261502907,20.7348747247097,10.8719105318235,1.33311758654369,1.90719696083002,12.07,19.04,24,166.822152367983,149.74414888788,33.2688757754577,110.2246,0.144272961113633,1,0
9.tif,12,0,1,1,Exclude,Training,12,952.544,1288.41732102723,12.2075583221919,0.363371560230025,43.0514946243927,18.5813845359283,16.2482343014094,2.31691532679655,1.14359407866961,42.5,20.74,20,46.7703112864078,94.2484951456312,35.9433252427184,0,0,0,0
10.tif,1,0,1,1,Activated,Validation,1,853.7638,998.34701253309,11.7700878606273,0.435941043591077,35.8024730627211,17.6690577837921,13.9706294464572,2.02628082950541,1.2647288263932,24.48,31.96,18,39.5607643355223,62.3885383521765,6.24561641053416,122.3626,0.143321372960531,1,0
10.tif,2,0,1,1,Exclude,Validation,2,2025.601,2687.28398337438,15.6982687619787,0.288097725311913,58.5350646577229,32.3326084465831,22.4861745268063,1.81040341222172,1.43788835259811,26.18,48.96,40,124.952697103724,141.252594949351,18.7419032672279,137.9686,0.0681124268797261,1,0
10.tif,3,0,1,1,Ramified,Validation,3,1733.0752,2185.70220781069,14.9029734737419,0.319230764976049,48.226650616874,30.0625916896482,12.5067488488811,1.60420801755027,2.40370955336947,18.19,39.27,36,157.670447238527,74.2173315768409,14.2909551760939,186.2316,0.107457310565635,1,0
10.tif,4,0,1,1,Activated,Validation,4,1077.97,1569.98599274163,12.7214324858371,0.323836748162425,32.4210234282139,27.9933890027879,19.2528060978079,1.15816714528509,1.45399007607391,20.06,24.14,30,60.0724032171582,32.6865973190348,14.5495978552279,148.1992,0.137479892761394,1,0
10.tif,5,0,1,1,Ramified,Validation,5,1371.883,2284.46852709575,13.7860384063325,0.261362732285216,44.3550430791946,30.2222886738656,18.8374501570337,1.46762687491468,1.60437258874875,30.26,36.72,30,63.3619759848326,107.624854855698,19.1488519064672,115.9468,0.084516536760059,1,0
10.tif,6,0,1,1,Ramified,Validation,6,1832.7802,2762.19820053419,15.1834543257665,0.262202126414957,46.0827244130865,26.3180392700577,26.0196816095232,1.75099383127356,1.01146661458092,30.26,40.46,32,110.360323252073,56.5198129868492,27.6858935948784,161.2042,0.0879561007915734,1,0
10.tif,7,0,1,1,Activated,Validation,7,944.9144,1272.10830717469,12.1748779172324,0.366062308450177,30.2856360670784,22.5746823258336,15.8031047725394,1.34157529350571,1.42849665624321,20.4,22.27,30,88.6940163934427,143.848679960851,25.4668460973819,138.431,0.146501101052116,1,0
10.tif,8,0,1,1,Amoeboid,Validation,8,265.4754,299.764782801336,7.97398144059814,0.666376547876813,16.9895567286637,14.7262693425879,6.32393665661164,1.15369047879156,2.32865541548264,17.34,14.79,8,20.4011103853691,53.1233159155236,38.5991726540388,0,0,0,0
11.tif,1,0,1,1,Ramified,Validation,1,1779.951,2600.24178766567,15.0361439507931,0.273154958767862,50.5582684837114,21.0329482333895,19.639270386215,2.40376517465349,1.07096383011014,48.96,21.08,22,78.4071852573471,17.8346864750771,7.88251339503166,123.114,0.069167072576717,1,0
11.tif,2,0,1,1,Ramified,Validation,2,2027.2194,2559.23256913372,15.7024484786672,0.302673830432289,57.2869673822733,31.4252898422233,20.123915532845,1.8229574864669,1.5615892340103,37.4,31.96,40,104.044415647364,142.497297921478,15.6711430445072,106.2364,0.0524049838907422,1,0
11.tif,3,0,1,1,Activated,Validation,3,1696.1988,2747.10690970727,14.7965128773676,0.250376211823392,45.9103449786013,37.54685436037,15.8191726080072,1.22274810395458,2.37350304537198,22.95,43.01,38,87.2303854017584,79.2356178014039,18.8397737340694,193.341,0.113984870169699,1,0
11.tif,4,0,1,1,Exclude,Validation,4,302.1206,487.142039649911,8.32518523660818,0.446973806415647,19.7487524839594,10.4491101874717,8.08612305502191,1.88999370564947,1.29222745144625,9.86,9.18,20,140.731086665391,82.3015630380715,8.72431605127224,0,0,0,0
11.tif,5,0,1,1,Exclude,Validation,5,839.256,1507.98263627049,11.7030378821876,0.285332179324463,35.6830100715445,28.4715962654892,19.6078163976171,1.25328449233443,1.45205338973641,33.83,25.84,22,149.384139807162,24.7332203856749,7.92162534435262,0,0,0,0
11.tif,6,0,1,1,Ramified,Validation,6,1924.2198,2987.38588901485,15.4318746023061,0.250435515682919,35.815957438543,27.9298177190183,23.7879368144734,1.28235557420608,1.17411686170382,25.67,26.18,36,160.729599891863,131.4333468505,27.7077888918927,150.2222,0.0780691478177285,1,0
11.tif,7,0,1,1,Ramified,Validation,7,2374.1928,3808.46433453183,16.551567154657,0.225984275336242,40.2273588721389,32.4910327164573,25.5586220167917,1.23810650228311,1.27123569866603,35.87,24.99,28,136.493635699679,50.0159195150453,29.3706300516116,218.8308,0.0921706105755186,1,0
11.tif,8,0,1,1,Ramified,Validation,8,1449.1038,2191.77431648731,14.0399951466134,0.282545213537523,39.6574359929501,25.7417729973042,23.7290276807047,1.54058681183706,1.08482207293458,34,21.59,26,43.553218858442,95.2504555063619,29.7297275736907,115.889,0.079972877029237,1,0
11.tif,9,0,1,1,Ramified,Validation,9,1409.2796,2075.17428715425,13.9101831328185,0.292928070201237,34.7370532899563,24.3155004319802,21.7279809138709,1.42859709538486,1.11908697491802,32.64,23.63,22,61.9160191944878,43.3397854974981,33.8278238044459,128.2582,0.0910097612993192,1,0
11.tif,10,0,1,1,Exclude,Validation,10,278.8272,551.106452194373,8.10548186445955,0.374517446686635,19.66038433726,14.8894544072389,6.96383613959148,1.32042342180797,2.13811096481548,13.6,7.48,20,24.6643428689884,88.0731094527365,31.5273631840796,0,0,0,0
11.tif,11,0,1,1,Exclude,Validation,11,587.3636,796.513588309035,10.3904925561883,0.425822842495865,28.25782377788,19.5845412865309,9.25440142910869,1.44286370379857,2.1162407354548,16.15,20.91,20,110.433184412517,108.851943515056,35.5670143672505,0,0,0,0
11.tif,12,0,1,1,Activated,Validation,12,618.1132,995.427239491346,10.5687380030286,0.352522316851429,31.3504220755838,16.9513984269058,16.1993164983934,1.84942983971302,1.04642676921505,28.56,20.74,18,18.7084411819712,143.720374976622,36.5487189077988,0,0,0,0
11.tif,13,0,1,1,Ramified,Validation,13,2083.3432,3137.28449480452,15.846039434408,0.251441775288996,46.7830468419396,33.8688700155915,18.3857792448959,1.38129931173975,1.84212317381075,35.36,44.03,18,81.9776420486073,146.120013594495,35.2913106203529,135.8878,0.065225835090445,1,0
12.tif,1,0,1,1,Exclude,Training,1,771.7456,1084.8804659486,11.3804258449955,0.375046407446046,41.0293280986525,14.3325266234746,10.7172657348757,2.86267237986166,1.33733052609064,16.15,13.94,40,50.9435328040744,48.9081800479329,13.8421210305572,0,0,0,0
12.tif,2,0,1,1,Amoeboid,Training,2,355.3544,339.503360855099,8.78795231399903,0.714629891882579,15.1345143393325,11.7779933931417,6.68566694809687,1.28498241034379,1.76167815187002,10.71,10.37,14,114.968527976578,98.0075162654522,5.93363695510735,0,0,0,0
12.tif,3,0,1,1,Activated,Training,3,1314.95,1925.34645413324,13.5926313691576,0.301472749128708,39.4193028600698,28.5540065977428,22.4020389296997,1.38051739692411,1.27461641716402,31.11,19.38,40,130.598677802198,24.0969657142857,26.5574505494506,120.1084,0.0913406593406593,1,0
12.tif,4,0,1,1,Activated,Training,4,823.2454,1090.72681733741,11.6281394163679,0.38945236172319,37.1180527885854,19.3924051168216,14.2671149686345,1.91405101971534,1.35923802110341,20.23,16.66,36,85.153743593344,23.599444639472,33.0000702099277,106.8144,0.129747946359615,1,0
12.tif,5,0,1,1,Ramified,Training,5,883.9354,1332.56876492131,11.9071356572867,0.334252640299638,40.870811109824,26.9473212714018,10.2016072757732,1.51669290977722,2.64147800860715,39.78,16.15,26,81.5853266200223,153.283918786373,24.9412149349376,110.687,0.125220689204211,1,0
12.tif,6,0,1,1,Activated,Training,6,890.409,1359.01969009699,11.9361327319282,0.32934524897492,24.5879091765207,22.7699467406658,21.5680301450235,1.07984043426014,1.05572676723653,23.97,24.14,26,133.641254138267,82.2656871145732,22.5712431028887,113.288,0.127231418370659,1,0
12.tif,7,0,1,1,Activated,Training,7,603.3742,763.706365261138,10.4840569460963,0.452149656068206,27.8774265751051,13.8661171105677,12.8859392067067,2.01047101743134,1.07606569363224,14.62,19.21,24,46.6180908132963,86.1002203276176,26.2072995497653,0,0,0,0
12.tif,8,0,1,1,Activated,Training,8,604.4146,722.607025558498,10.4900793831964,0.478415500746199,25.5391739094212,15.8483246304613,15.0187804292512,1.6114746829664,1.05523379245857,19.55,15.13,22,154.427970737305,164.228941378981,35.9060916132734,0,0,0,0
13.tif,1,0,1,1,Exclude,Training,1,1083.172,1360.982847171,12.7418630870297,0.374768507721435,45.2590214676839,21.0068745885754,14.9420754321773,2.15448620292607,1.40588733365231,37.23,26.35,26,25.242886339381,85.6007331910352,9.58153681963714,156.1756,0.144183564567769,1,0
13.tif,2,0,1,1,Ramified,Training,2,3434.765,5173.38955466413,18.7197251871438,0.212800982364572,55.399827891007,39.2014660644023,34.094011674361,1.4132080621677,1.14980502848488,33.83,52.7,40,73.2332565418595,61.8113076987801,22.4628018510728,218.1372,0.0635086243163652,1,0
13.tif,3,0,1,1,Ramified,Training,3,2184.6666,3872.85494969017,16.0988745284951,0.210237252466837,43.9718660737891,40.2506194370589,31.5601729008626,1.09245190977866,1.27536118269995,37.74,36.04,34,113.976641003254,111.283262957378,16.1042410773342,149.5286,0.0684445855491177,1,0
13.tif,4,0,1,1,Activated,Training,4,963.1214,1191.21314736627,12.2525778371483,0.395927196654763,29.516828981605,26.455939260571,18.0585228083798,1.115697639418,1.46501126040578,22.27,23.63,20,129.89098781732,70.8749108803937,7.45375982716198,116.1202,0.12056652463542,1,0
13.tif,5,0,1,1,Exclude,Training,5,1480.6048,2277.70345969601,14.1410017786288,0.275811928572771,54.2483938987961,37.7483498490888,14.2810685508963,1.43710636665368,2.64324407620882,32.47,36.89,38,104.981278107433,35.1255996252342,23.6051686445971,139.6448,0.094316052467208,1,0
13.tif,6,0,1,1,Ramified,Training,6,1757.698,2720.7312734903,14.9732202209075,0.258877704026278,37.3773805363263,25.9598160521513,24.6112130243046,1.43981684851842,1.05479628438122,24.31,27.03,36,57.8785488326209,127.411986846432,27.432357777047,133.518,0.0759618546530746,1,0
13.tif,7,0,1,1,Ramified,Training,7,1608.4584,2139.65413439734,14.5368531614668,0.310275227446541,44.2389686175797,23.8855196377217,16.6869250623243,1.85212502338507,1.43139131676514,35.19,22.1,34,103.727710219922,156.803331536582,28.159839011068,125.5416,0.0780508840017249,1,0
13.tif,8,0,1,1,Amoeboid,Training,8,202.4734,334.6870527621,7.28545116025298,0.498223103645105,16.1127498844685,10.2829094779476,5.10737725586019,1.56694463945476,2.0133444158935,5.44,10.03,18,58.1957607764773,112.922560662289,30.2643448472738,0,0,0,0
14.tif,1,0,1,1,Amoeboid,Training,1,351.424,301.762961306066,8.75543238458619,0.798066602178215,19.1572564848193,11.2198236480944,6.4152812444679,1.707447201104,1.74892155472835,14.28,14.62,12,59.4371726973684,95.9666217105263,4.30131578947368,0,0,0,0
14.tif,2,0,1,1,Activated,Training,2,378.3588,522.663804137626,8.97363510206791,0.484021060632012,21.2079190105413,10.6556635445919,9.59574609127874,1.99029548200263,1.11045701326721,9.18,13.43,22,90.6113764130768,122.984767797128,8.08768713718301,0,0,0,0
14.tif,3,0,1,1,Activated,Training,3,516.8476,651.751170689993,9.95683462440182,0.477870961187983,26.5499782025882,18.2071012327999,10.3098031088087,1.45822104590481,1.76599892749103,20.06,12.75,24,107.481673003802,37.4166539923954,15.7445761574592,0,0,0,0
14.tif,4,0,1,1,Exclude,Training,4,1123.7476,1609.85721520343,12.8990200644396,0.324695261640947,36.8091316321276,24.1077649005332,15.0106249400931,1.52685791420314,1.60604671669211,24.31,29.07,26,31.0727157699825,82.1851717930254,16.8948667832528,0,0,0,0
14.tif,5,0,1,1,Activated,Training,5,582.4506,652.520494658032,10.3614409961539,0.51688750326232,32.8861737154632,13.2960500409541,9.78671788245902,2.47337920767208,1.35858110968795,13.26,11.05,34,54.2992348913367,123.93519599087,23.144388210777,116.178,0.199464126228044,1,0
14.tif,6,0,1,1,Amoeboid,Training,6,518.6394,490.297157308543,9.96832742506297,0.63670034717873,22.3676194890423,9.29723976379579,8.10620854884813,2.40583442584149,1.14692827204858,10.2,11.22,22,55.2808436420372,162.823756826034,31.3518332776106,0,0,0,0
14.tif,7,0,1,1,Ramified,Training,7,1090.1658,1330.01445497221,12.7692280640312,0.385143700753674,35.337956113887,22.7599750363233,14.7129692090125,1.55263597861993,1.54693282593031,23.63,27.2,22,150.911147871269,50.7343057101956,32.6819362706113,142.9394,0.131117119983034,1,0
14.tif,8,0,1,1,Amoeboid,Training,8,272.7582,224.424624107772,8.04624152099274,0.906286467449421,11.2013806429041,8.23803303372398,6.31255348417411,1.35971543171156,1.30502387890687,7.48,8.33,12,122.178664971392,139.831178215724,37.0095359186268,0,0,0,0
15.tif,1,0,1,1,Exclude,Training,1,212.415,310.232949491572,7.40279153775908,0.554948894425959,20.4455290287938,6.78388233175102,6.38060026140125,3.01383898318833,1.06320440927625,18.87,8.84,8,30.6655482993198,37.1911891156462,4.02503401360544,0,0,0,0
15.tif,2,0,1,1,Exclude,Training,2,734.349,930.581553148949,11.1935530490016,0.422991224106752,28.6566586895899,19.4611397206689,11.6892172139462,1.47250670314826,1.66487963774427,21.08,24.65,18,38.7689114521841,19.3258890200708,6.21818181818182,0,0,0,0
15.tif,3,0,1,1,Ramified,Training,3,2641.3444,4369.92346956063,17.1504480295223,0.211459392932929,56.5075266344582,46.4737071686087,30.2329706475247,1.21590314345801,1.53718626298517,50.66,35.19,40,52.4431808831896,71.5846608166658,23.1140531314281,135.1364,0.0511619764541118,1,0
15.tif,4,0,1,1,Exclude,Training,4,246.8638,407.300731728738,7.78310571197819,0.467240565345364,18.5017934870181,12.9659203866208,10.709552019495,1.42695566032548,1.21068746507963,14.45,18.36,12,72.6228377429173,74.3263802388199,3.85296183563568,0,0,0,0
15.tif,5,0,1,1,Ramified,Training,5,991.1544,1641.54429570394,12.3703189380878,0.292859327231381,31.6719547692906,28.902485666304,20.6176991567339,1.09582113922525,1.40182885813737,26.35,29.24,30,97.7066969909028,114.700560415209,10.0290412876137,0,0,0,0
15.tif,6,0,1,1,Ramified,Training,6,2459.679,3656.03523562838,16.747883721916,0.241023491828582,48.5287632164635,39.5693242807797,27.5179484005566,1.22642385480502,1.4379460163527,33.83,36.55,40,120.013340618024,113.73982328751,24.5972506168488,166.9842,0.0678886147338738,1,0
15.tif,7,0,1,1,Ramified,Training,7,2677.6428,4305.25458610722,17.2286536199555,0.216597636817082,51.2992965894315,43.7983113934842,30.3789718209049,1.17126197237511,1.44173119655567,41.14,44.2,40,122.92459785002,33.4473220221905,25.2111988947891,154.4994,0.0576997798212667,1,0
15.tif,8,0,1,1,Exclude,Training,8,436.2166,723.063242957463,9.40952835617132,0.384688584328829,40.0668140074189,14.2142794852051,6.30122133729407,2.81877206995419,2.25579752310512,12.58,19.55,38,111.365970584338,43.0229746919306,24.1219027428117,0,0,0,0
15.tif,9,0,1,1,Activated,Training,9,990.1718,1431.68485248265,12.366229735193,0.335565314139724,30.8266619323451,26.3909826654873,10.891575125892,1.16807556289514,2.42306391503919,24.48,19.55,30,49.259531842858,151.286315451521,21.9242309263908,132.9978,0.134317903216391,1,0
15.tif,10,0,1,1,Ramified,Training,10,3321.3614,4996.69594961137,18.5113959640629,0.215449400801637,53.48962595383,35.9420088216181,29.212315958497,1.48822026668853,1.23037176760248,51.51,37.57,28,36.8916922193413,102.249137880027,29.7225345004612,223.5126,0.0672954770896055,1,0
15.tif,11,0,1,1,Exclude,Training,11,251.2566,377.179901081488,7.82899986243484,0.510521340933624,28.4571865653048,5.3773962839582,4.38573563595053,5.29200100989358,1.22611044767014,20.23,5.95,22,78.9023303427651,63.9000552104899,31.0586611456177,0,0,0,0
15.tif,12,0,1,1,Exclude,Training,12,239.5232,383.692347228958,7.70518352937328,0.486107935359787,26.3112785999464,10.0633810944929,4.38230130620463,2.61455651464348,2.29636905163156,20.91,7.14,18,115.472212837838,132.576903957529,33.8499034749035,0,0,0,0
15.tif,13,0,1,1,Exclude,Training,13,227.3852,350.436139945908,7.57276576727111,0.514102874989171,23.5105890689029,9.67645994526361,4.68700121254313,2.42966841199097,2.06453113759986,11.05,16.83,16,32.6213319776309,149.014636502288,35.7808845958312,0,0,0,0
15.tif,14,0,1,1,Activated,Training,14,396.1034,576.767613493648,9.11178190150203,0.452226115435132,19.1438384145428,12.3968479919399,7.69654275473748,1.54425047616858,1.61070345309383,19.55,10.71,16,101.565809134686,6.73098788851595,33.5251714577557,0,0,0,0
15.tif,15,0,1,1,Activated,Training,15,460.4348,735.923645159314,9.58053671175943,0.391829197308785,23.1535784728379,21.5183102819876,10.9792986413896,1.07599426578671,1.95989844022168,22.95,16.83,16,163.801082098921,81.3246196334422,36.8807431584233,0,0,0,0
15.tif,16,0,1,1,Activated,Training,16,370.7292,424.649817118764,8.91290731978691,0.587702735868834,26.3497627979557,8.50273506092655,5.58327897819934,3.09897493090703,1.52289274709837,19.21,20.4,10,55.913487683193,14.7747864047396,38.0657935765513,0,0,0,0
16.tif,1,0,1,1,Activated,Validation,1,684.1786,854.835497353519,10.9326040965316,0.439252828829293,29.1386395531384,22.5683212162606,14.111280530825,1.29113013209613,1.59931064845334,26.69,19.72,24,23.7082571597533,110.153048914421,7.46135000422404,125.9462,0.184083805018163,1,0
16.tif,2,0,1,1,Amoeboid,Validation,2,279.463,376.135937198618,8.11163807068648,0.549568931666097,32.292483138824,8.80904868667922,5.50760788266554,3.66583092992274,1.59943279811269,6.46,8.5,34,18.8314994829369,164.882033092037,8.52740434332989,0,0,0,0
16.tif,3,0,1,1,Activated,Validation,3,418.0096,811.179053755019,9.27675053286763,0.333292008590632,33.3617522043963,16.981676983189,14.5396617108573,1.96457347748533,1.16795543946584,18.02,31.28,16,51.6739117809734,79.983189988938,5.41648230088496,0,0,0,0
16.tif,4,0,1,1,Activated,Validation,4,430.321,487.681709105786,9.36694505493772,0.565209367250463,22.7563576608241,14.7922007576483,7.88237994548892,1.53840243474643,1.87661605504234,14.11,9.69,22,54.7563035594358,35.7379503022163,6.8505036937542,0,0,0,0
16.tif,5,0,1,1,Activated,Validation,5,753.8276,1090.10837094854,11.2916602922694,0.367447930786734,28.9501442011157,20.1061297144443,18.7463581883951,1.43986657861447,1.07253523657149,25.5,21.76,32,85.1242999539948,49.6480555129581,14.1740530593467,118.7212,0.157491182333998,1,0
16.tif,6,0,1,1,Activated,Validation,6,852.2032,1226.31272791529,11.7629119483523,0.354469056327569,26.9569316381357,22.1973986635218,19.3420360122946,1.21441850222006,1.14762472003528,21.93,26.52,22,120.432501356484,122.733116521975,8.75135648399349,0,0,0,0
16.tif,7,0,1,1,Exclude,Validation,7,551.0652,680.030707720624,10.1718853051078,0.477995994697011,33.5646214657173,14.1629000603879,9.53821758424169,2.36989750140185,1.48485814412398,28.56,23.29,10,159.492434445144,160.979194461926,4.00041955108034,0,0,0,0
16.tif,8,0,1,1,Exclude,Validation,8,950.2898,1439.09812659887,12.1979209672303,0.324811274180956,40.0246632502714,22.1250807855074,16.8456421906356,1.80901772238901,1.31340085080322,25.16,22.95,34,73.5688881454899,131.016976461286,17.2448147922876,0,0,0,0
16.tif,9,0,1,1,Ramified,Validation,9,959.8268,1631.80370667882,12.2385908639886,0.288366489530219,41.0250508642599,27.5478607782336,16.1104793037606,1.48922819069403,1.70993427686557,16.32,35.7,28,131.893209081055,76.4671998072986,19.6005058412622,0,0,0,0
16.tif,10,0,1,1,Exclude,Validation,10,242.7022,597.001440694515,7.73912207051614,0.315179445660949,22.4305514439874,15.1801252963992,9.53101473063553,1.4776262386522,1.59270819796403,18.02,10.37,22,111.331740890688,105.846113360324,27.6465825196475,0,0,0,0
16.tif,11,0,1,1,Exclude,Validation,11,228.8302,374.9465994072,7.5887731831442,0.482529199173286,22.7315153769059,9.31177677608719,5.51280528802876,2.44115767844444,1.68911766143963,10.71,15.98,18,113.260921949988,150.396539530184,29.0366254104572,0,0,0,0
16.tif,12,0,1,1,Activated,Validation,12,400.9586,621.25957957697,9.14885975412641,0.423263398469133,20.5013510990628,19.2063916401179,10.8827635733979,1.06742336005687,1.76484506996609,13.09,13.09,18,127.828898659363,13.2048118783336,35.4896929508433,0,0,0,0
16.tif,13,0,1,1,Activated,Validation,13,1066.0632,1286.31758170882,12.6744204487471,0.392335753153428,36.9310775417852,20.807970019153,15.5226571160987,1.7748524967977,1.3404902178489,24.48,30.26,16,24.8604906744741,65.7728193450445,36.3739969637823,117.7964,0.110496638473216,1,0
17.tif,1,0,1,1,Exclude,Training,1,1262.2364,2220.58253948499,13.408515321487,0.254357376692197,48.988823262766,30.5333386534143,28.2311986328155,1.60443716354903,1.08154595384139,34.17,29.41,40,18.1579041120982,26.2530973532375,26.3354702811613,0,0,0,0
17.tif,2,0,1,1,Ramified,Training,2,2542.7376,3757.40986894535,16.9343152722569,0.239770960391238,46.251177470953,43.0355847502678,25.6454383985825,1.07471939185549,1.67809900854128,29.75,40.12,40,46.5604387161301,116.359346472086,20.354064375341,149.4708,0.0587834151663939,1,0
17.tif,3,0,1,1,Ramified,Training,3,3015.7728,5088.45281814832,17.9253096190892,0.19837980199943,48.6691804876856,40.0682467849956,32.6608990219728,1.21465710114152,1.22679558691999,35.36,34,40,60.1423579806806,48.0751632934681,19.8142824287029,210.103,0.0696680466114689,1,0
17.tif,4,0,1,1,Ramified,Training,4,2762.7822,3997.99002312878,17.4093547770052,0.238162575417728,42.5096445395676,33.9576277144499,24.6792049458916,1.25184376532518,1.37596117009851,34.17,34.85,38,100.366020418837,137.726962279545,12.3566601811753,225.709,0.0816962697964392,1,0
17.tif,5,0,1,1,Activated,Training,5,369.5732,498.807931211077,8.90363366069232,0.499287953463512,18.1882809007513,16.3876838943669,9.87779892557169,1.10987501455306,1.65904206168262,15.3,11.73,16,91.5972177040976,77.6766796997187,6.37410071942446,0,0,0,0
17.tif,6,0,1,1,Ramified,Training,6,5918.4888,7529.48278769474,22.4424742693393,0.210148454164339,54.3437177614951,53.8639565533894,37.4642866398403,1.00890690619116,1.43774141681132,42.33,48.96,40,145.497748056565,81.8217988983944,13.1064885347084,463.1514,0.0782550099613266,1,0
17.tif,7,0,1,1,Ramified,Training,7,2268.1298,3683.46608986493,16.3013320588641,0.22664147337705,42.1749577060011,37.9823204232584,29.5424294325991,1.11038391641221,1.28568709996972,36.21,29.75,40,131.5486261818,42.1794992482352,21.8631533345226,182.5324,0.0804770520628934,1,0
17.tif,8,0,1,1,Exclude,Training,8,239.5232,434.006613630154,7.70518352937328,0.4297535771742,18.4431191442952,12.5142759023754,11.1923897428874,1.47376638394191,1.11810580133953,13.26,12.58,12,154.539517374517,131.383786196911,5.71476833976834,0,0,0,0
17.tif,9,0,1,1,Exclude,Training,9,360.4408,627.292797216283,8.82968290981203,0.390453919638109,25.8406520186235,12.9934695136372,8.99737267035695,1.98874149752709,1.44414041628463,8.67,15.64,24,169.151199486851,13.1025400898012,13.144964720975,0,0,0,0
18.tif,1,0,1,1,Ramified,Training,1,3216.5122,5440.84675375092,18.3145194113821,0.19367538710959,47.8449819625815,47.2071054522466,29.4120168305714,1.01351229871487,1.60502782669357,38.76,44.54,40,30.0497338676348,65.7776736329493,18.3192510197847,195.1328,0.060665959855523,1,0
18.tif,2,0,1,1,Ramified,Training,2,5590.6472,8638.27737766641,22.020194709905,0.176345766089927,63.4746515843491,41.5212871472402,27.3169905544911,1.5287255272039,1.51998028715553,47.43,49.47,40,83.5497290227865,140.07997012117,21.0352756296266,204.8432,0.0366403374550267,1,0
18.tif,3,0,1,1,Exclude,Training,3,687.6466,1096.07661819382,10.9510448906886,0.343732089272943,34.2214334767708,20.6285603011056,9.51665838480168,1.65893465066182,2.16762643640229,10.2,34.34,22,149.583981676053,57.9016399092207,7.02294696141885,0,0,0,0
18.tif,4,0,1,1,Ramified,Training,4,2337.2008,3739.31761941346,16.4651541617693,0.227766117799626,46.3637503787299,41.9798558632412,36.3627204955326,1.10442852709572,1.15447511327979,33.49,35.02,40,154.534405974873,28.8045778514195,14.3982095162726,143.1706,0.0612572954792759,1,0
18.tif,5,0,1,1,Exclude,Training,5,287.4972,621.995613119361,8.18863787288637,0.338677139012123,31.9427360264178,15.0972227295818,9.12595339921742,2.11580213119785,1.65431731558879,19.04,11.22,28,17.8531443506234,141.001636509851,16.6944109368717,0,0,0,0
18.tif,6,0,1,1,Ramified,Training,6,3121.6624,4881.44221289709,18.1326983587295,0.211605325918448,47.9744648824039,37.2960166012108,29.6041560236345,1.28631605341055,1.25982367379214,45.39,28.73,34,77.6795717301142,40.515691934528,27.588949785217,169.8742,0.0544178640201452,1,0
18.tif,7,0,1,1,Exclude,Training,7,358.938,564.519226621092,8.81739450106052,0.432664914515198,31.3108889106924,10.1528458761193,6.90197015441667,3.08395195718862,1.47100692251216,9.18,10.88,32,133.152404186796,38.0407987117552,25.3040257648953,0,0,0,0
18.tif,8,0,1,1,Ramified,Training,8,3539.672,5462.16276769711,18.908400797461,0.205633957549539,41.3524611857874,32.6147617659693,29.9304764428881,1.26790627760878,1.08968401582926,35.36,34.34,26,67.8619152514696,113.870183376878,31.7063683866754,297.4966,0.084046374918354,1,0
18.tif,9,0,1,1,Exclude,Training,9,271.7178,503.42836491786,8.03599804521891,0.402987741930733,31.8959833124578,9.72312329808905,4.39317187677507,3.28042567543358,2.21323535040623,23.12,6.46,26,89.9969006594342,90.0744692618591,30.6368857689853,0,0,0,0
18.tif,10,0,1,1,Exclude,Training,10,1373.039,1910.99246592811,13.7899095299916,0.312617821068627,47.6008328983797,25.2391582293081,19.2002058299224,1.88599130232104,1.31452539899204,21.76,47.77,24,138.264567459482,141.196825931383,35.7241843822353,140.3384,0.102210061039781,1,0
18.tif,11,0,1,1,Exclude,Training,11,212.415,377.033867375174,7.40279153775908,0.456625908790145,22.3113261399097,9.00102918386312,6.19320098227663,2.47875278306053,1.45337269202498,9.86,11.39,22,106.659989115646,83.7369115646259,29.8971428571429,0,0,0,0
18.tif,12,0,1,1,Exclude,Training,12,313.9118,449.165357360061,8.43211147940135,0.49729752612506,23.733907087147,8.50755349350196,6.74940548420028,2.7897452664006,1.26048931471332,19.55,6.63,16,151.415284477997,8.56723623642057,34.8385196096483,0,0,0,0
19.tif,1,0,1,1,Activated,Training,1,1404.7134,2175.37389725193,13.8951434387793,0.278831624069066,46.4576377164386,25.1751314671796,14.5066793571131,1.84537815729005,1.73541655174418,32.47,27.71,36,73.3239735835082,124.629809900013,19.4932312883183,161.1464,0.114718347529112,1,0
19.tif,2,0,1,1,Amoeboid,Training,2,489.566,408.054447876347,9.77846927459724,0.736162189387715,19.7623175944468,10.0630954171518,7.36440023282865,1.96384082384465,1.3664514555161,12.92,9.35,16,91.8145714285713,87.81660094451,6.76623376623377,125.6572,0.256670602125148,1,0
19.tif,3,0,1,1,Activated,Training,3,1771.1654,2387.65723607975,15.0113643380507,0.296495579733633,39.6085302533274,38.2489832235057,12.4311697778812,1.03554465805999,3.07686114074013,28.05,35.36,34,139.244951212349,97.541925725288,16.1844466925562,219.5244,0.123943478118983,1,0
19.tif,4,0,1,1,Exclude,Training,4,287.844,399.746902598786,8.1919291264051,0.527396372011927,20.9370580578852,10.2555075402046,5.95525292666839,2.0415428466905,1.72209437054792,12.07,11.05,20,159.610166666667,41.2417610441767,7.87590361445783,0,0,0,0
19.tif,5,0,1,1,Ramified,Training,5,1842.2016,2507.41060903507,15.2094267035477,0.28983451496164,40.3854444296913,37.2150507502416,18.1151666062474,1.08519116904413,2.05435873481876,35.87,39.44,34,94.9833822791165,48.8000862826305,22.7598519076305,220.8538,0.119885793172691,1,0
19.tif,6,0,1,1,Activated,Training,6,1076.2938,1473.53477562532,12.7148352932216,0.34467593347876,35.8317879563469,20.1531309801535,13.5986769102432,1.77797623563472,1.48199204328277,27.54,16.66,26,129.903115836958,29.7928902851619,22.0722839804522,185.3068,0.172171204553998,1,0
19.tif,7,0,1,1,Exclude,Training,7,292.468,597.093624770745,8.23556206195871,0.356856759211114,24.6895533357653,13.1213273258542,8.56865893290862,1.88163535003941,1.53131632716301,12.07,18.36,22,109.775719367589,36.4931877470356,29.7521739130435,0,0,0,0
19.tif,8,0,1,1,Amoeboid,Training,8,253.7998,367.607522670118,7.85532608225509,0.527343889444095,21.0379325453981,6.57930536505427,6.5662454363001,3.1975917483843,1.00198894922233,13.77,7.31,18,51.2564905488499,69.3000683215668,33.4748348895468,0,0,0,0
19.tif,9,0,1,1,Activated,Training,9,841.9726,1036.88846788555,11.7156515269284,0.41586341848442,36.3678189479964,21.1093739617741,12.9876289143867,1.7228279253498,1.62534471079558,21.25,36.72,14,11.4243454383195,65.8296437152468,36.4874030342555,128.894,0.15308574174504,1,0
20.tif,1,0,1,1,Activated,Training,1,972.7162,1506.72874495623,12.2931309774182,0.315093770181561,48.3750126598725,23.6563868800009,15.9642886641841,2.04490283766743,1.48183156654352,19.38,35.36,38,38.1303161209816,91.6902460039219,19.625646205954,127.9692,0.131558619050449,1,0
20.tif,2,0,1,1,Ramified,Training,2,1281.8884,1769.70836964518,13.4777438576082,0.322464985895923,36.067757281435,28.1249635146494,24.5167969186192,1.28241081140064,1.1471712070711,27.37,34.68,28,87.3083452069619,38.804090540175,15.146180899991,214.6692,0.167463251871224,1,0
20.tif,3,0,1,1,Activated,Training,3,1340.9022,1749.82472486861,13.6814720324588,0.336063215078832,38.2074745306066,21.6383696574085,16.1772774977822,1.76572797006105,1.33757794909403,23.97,21.25,34,148.332793223846,142.450576317945,25.6087762403552,175.9432,0.131212552265184,1,0
20.tif,4,0,1,1,Activated,Training,4,1356.1036,1813.42596361289,13.732978775647,0.326722874232834,41.8151455944957,30.745462001511,18.5036077649773,1.36004284445102,1.66159283054542,29.41,20.23,32,104.482911516495,122.85566405251,25.3236723212002,159.817,0.117850140652971,1,0
20.tif,5,0,1,1,Exclude,Training,5,207.791,444.963300026508,7.34868057430328,0.381280347493564,14.9667235662891,12.8123192311755,5.94382492880442,1.16815100343983,2.15556807016398,10.54,11.73,16,96.3502781641167,23.9286703755216,16.8111265646732,0,0,0,0
20.tif,6,0,1,1,Exclude,Training,6,325.4718,560.586595403947,8.534372235687,0.408178688729672,26.7019447555738,9.77061533116007,7.65884676680691,2.73288261287055,1.27572931390996,12.07,10.03,26,162.556711063754,126.798987746404,28.4024152015628,0,0,0,0
20.tif,7,0,1,1,Activated,Training,7,1439.4512,1640.79784201656,14.0087518166735,0.375745405647922,35.0018921459502,23.4172690683025,14.4513935541981,1.49470427332317,1.62041598137086,18.7,35.02,20,138.075455348539,64.9821382107292,32.4741407002891,269.8104,0.187439768711854,1,0
20.tif,8,0,1,1,Exclude,Training,8,1343.0408,1505.1926187995,13.6887416789024,0.39109732786589,31.3700588417803,19.0467005494296,14.2481480253288,1.64700750979779,1.33678429755015,29.92,17.68,20,142.42323592701,104.499839903598,33.8289722843863,110.687,0.0824152177655362,1,0
20.tif,9,0,1,1,Exclude,Training,9,899.946,1179.61845173446,11.9785966924481,0.382137977964183,42.5334035988512,14.5678987468052,13.5399138181839,2.91966633885199,1.07592256069169,26.86,33.66,18,59.9655073859988,21.0635022479126,36.2974951830443,104.2712,0.115863840719332,1,0
20.tif,10,0,1,1,Exclude,Training,10,505.5766,589.228567011646,9.88392514254305,0.520864757753707,24.0779682247507,19.153987962559,7.83870130168178,1.25707337144707,2.44351547857163,9.69,22.78,18,94.2351766319882,77.9139910826569,35.6663999085401,0,0,0,0
20.tif,11,0,1,1,Amoeboid,Training,11,275.6482,222.476760735231,8.07455963124276,0.920667711711238,13.5714000017233,8.26750554661619,5.54596260647268,1.64153503438265,1.49072507935181,13.09,5.61,8,31.4143531138603,123.458498637031,37.7479555462361,0,0,0,0
21.tif,1,0,1,1,Exclude,Training,1,1193.3966,1713.73538310159,13.1601869249508,0.317490127328408,47.8815886478119,26.3417120833692,13.3258918049458,1.8177098168969,1.97673164910379,22.27,45.39,28,44.1028347944012,79.3616433380152,9.08025378989684,0,0,0,0
21.tif,2,0,1,1,Activated,Training,2,437.257,664.679144033174,9.41700316007429,0.419143999450282,22.1331115958609,18.9891079628348,11.5895323982038,1.16556879023382,1.63847058797452,18.53,13.09,22,91.7401797752809,117.225303370786,6.30297422339722,0,0,0,0
21.tif,3,0,1,1,Exclude,Training,3,768.8556,1298.301338517,11.3662024313781,0.312611637204238,38.3987340718798,23.0235561963013,11.0731783975424,1.6678020434588,2.07921839328546,21.76,13.26,36,116.199447451511,7.71243046158468,18.8168696436626,0,0,0,0
21.tif,4,0,1,1,Exclude,Training,4,225.3044,445.759980606354,7.54959550790729,0.401694757772892,27.8731666144969,8.64909767926515,5.25525004708883,3.2226675715917,1.64580136088032,9.86,9.18,28,158.357747562853,81.8499409953823,11.8122113904566,0,0,0,0
21.tif,5,0,1,1,Amoeboid,Training,5,252.4126,387.424149287035,7.84098824325015,0.498545487846771,26.4271372939152,6.76112601052022,3.55434887681767,3.90868876763944,1.90221226020268,4.59,7.82,28,80.9071536523928,154.540783146325,18.0206091138081,0,0,0,0
21.tif,6,0,1,1,Ramified,Training,6,1706.9496,2815.67194069911,14.8277080118189,0.245310348994269,37.8988976118413,35.4912048048536,29.4958940981245,1.06783913987215,1.2032591616577,29.41,34.68,36,139.613495868888,134.841568468102,25.5499796830557,165.886,0.0971827170526886,1,0
21.tif,7,0,1,1,Ramified,Training,7,1528.7522,2194.61525558202,14.2926521539781,0.292426770049887,35.9043343153797,32.0492843826288,27.2171810118675,1.12028505493996,1.17753871602847,28.73,29.07,34,39.0292721842036,139.920367499716,32.3631139173504,135.83,0.0888502400846913,1,0
21.tif,8,0,1,1,Ramified,Training,8,1776.9454,2779.32912395423,15.027675909564,0.255266330385153,39.9276220654215,36.8594696077536,23.4323227529581,1.08323919172788,1.57301817648873,36.04,33.32,34,101.17856097323,75.4072068438345,25.9580392284422,102.2482,0.0575415541749341,1,0
21.tif,9,0,1,1,Amoeboid,Training,9,333.217,476.63594608001,8.601539259667,0.487658088980863,29.7032548065623,10.0148761693909,6.07608608771959,2.96591333773513,1.64824461418215,10.71,11.05,30,30.0902359063313,60.4842307025152,26.6733738074588,0,0,0,0
21.tif,10,0,1,1,Activated,Training,10,1212.7018,1474.54131778346,13.2307704095241,0.372960804480675,34.6883943826226,27.702854321785,12.2063809922139,1.25215957820434,2.26953872236628,15.81,30.26,28,23.2589914684715,33.6189118726466,26.7893808684047,187.561,0.154663743386874,1,0
21.tif,11,0,1,1,Ramified,Training,11,1897.1116,2740.31389592719,15.3590640830728,0.270445067220655,44.0787624872519,33.698748220299,25.5691257631706,1.30802373426739,1.31794682901667,32.98,35.19,28,93.2788529035402,27.9814861982817,32.2469075620011,178.313,0.0939918347449881,1,0
21.tif,12,0,1,1,Exclude,Training,12,219.1198,304.584365352842,7.47987488466225,0.577073236349609,20.2956427752043,6.40747559834182,5.47719745839846,3.16749435307355,1.16984564588171,6.97,15.3,16,141.182286995516,109.472914798206,34.4130836190979,0,0,0,0
21.tif,13,0,1,1,Activated,Training,13,530.0838,658.852614256943,10.0411156660977,0.480756914144606,22.1979051270307,15.9222530608065,10.5110811792804,1.3941434696621,1.51480640185641,22.1,15.98,12,38.2635132482826,88.7808548686076,37.6279576927271,0,0,0,0
22.tif,1,0,1,1,Ramified,Training,1,991.1544,1704.90400093038,12.3703189380878,0.281975734585656,35.0569517558688,29.1035321777119,15.4301258700422,1.20456003559307,1.8861500173642,24.65,28.05,30,18.3354834383019,64.1708065080476,16.6691159318871,0,0,0,0
22.tif,2,0,1,1,Activated,Training,2,930.002,1241.566753995,12.1104910598245,0.371110553422253,28.431683945453,26.5702951464841,15.0388806546811,1.07005525488922,1.76677345585648,21.25,24.82,26,41.3180826600372,150.283560596644,9.09533871970168,131.784,0.141702921068987,1,0
22.tif,3,0,1,1,Ramified,Training,3,1623.024,2735.38129676082,14.5806014785853,0.244164701736672,48.7866512815383,27.8684868928262,22.6086813573159,1.75060280341581,1.23264539193517,37.74,31.45,30,76.9162396723646,107.513127849003,15.2344017094017,113.5192,0.0699430199430199,1,0
22.tif,4,0,1,1,Ramified,Training,4,1601.638,2631.55150903291,14.5162770157263,0.251564000294189,48.6847314002142,22.2430749077948,22.2418974869741,2.18875904532216,1.00005293706714,26.01,45.9,26,87.6166687116568,31.0157484662577,10.4833634067124,115.9468,0.0723926380368098,1,0
22.tif,5,0,1,1,Activated,Training,5,1381.131,2097.95121498184,13.8169467441503,0.285876630721688,39.6323378790313,26.7936903889709,22.1253007489976,1.47916682262423,1.21099779356377,35.19,25.33,28,137.271311152961,59.9131224105461,9.03594894329358,129.7032,0.0939108600125549,1,0
22.tif,6,0,1,1,Ramified,Training,6,1506.0368,2219.21916103441,14.2215081294808,0.286312946878966,44.160376770456,25.384500915775,21.9148049217396,1.7396590508901,1.15832657449729,45.73,23.63,24,151.615637856923,101.588629490329,9.50951796131409,126.8132,0.0842032545287074,1,0
22.tif,7,0,1,1,Ramified,Training,7,2480.2558,3853.01301131045,16.7944563724909,0.229975355121076,41.9448645168749,36.6144667827924,27.1106481476769,1.14558173865276,1.3505566736489,41.99,37.06,32,143.777241499849,148.827763976602,12.4518188809396,166.6952,0.0672088741814453,1,0
22.tif,8,0,1,1,Ramified,Training,8,1500.6036,2929.87272833543,14.204385616777,0.216344582852695,49.438425116737,33.994688213834,17.7564677359072,1.45429853057509,1.91449609907999,33.32,43.69,28,29.4959298205069,30.0215992604576,24.1976735228411,102.017,0.0679839765811571,1,0
22.tif,9,0,1,1,Activated,Training,9,767.5262,1043.04458683623,11.3596476909148,0.388666154884109,34.0562021175488,14.3653514471669,8.79567683982172,2.37071833869161,1.63322865411892,17,31.11,20,151.430530913472,27.5136275321937,31.8338730326079,120.4552,0.156939528578959,1,0
22.tif,10,0,1,1,Exclude,Training,10,307.207,615.898558897897,8.37164547311946,0.357488718814733,20.9458820303234,13.7480755894522,7.53019789942259,1.52355010663408,1.82572566791457,10.37,19.89,14,38.8773847601129,32.8379228598306,34.0124176857949,0,0,0,0
22.tif,11,0,1,1,Exclude,Training,11,257.3256,468.799769741335,7.89153445936161,0.417335565957122,11.4627412386516,10.8105253225461,8.7166091763028,1.0603315654555,1.24022140994182,12.07,12.75,12,42.3968620844564,57.4366307277628,35.7353998203055,0,0,0,0
22.tif,12,0,1,1,Activated,Training,12,254.7246,381.946331446385,7.86485564026212,0.508778839927785,16.616669869096,9.73262160597406,7.30529563831543,1.70731695341945,1.33226936839183,14.79,12.07,8,41.5152189698208,66.9643771272975,37.952802359882,0,0,0,0
23.tif,1,0,1,1,Ramified,Training,1,1238.5384,1959.1598728155,13.3240713994275,0.284677994845205,37.4260899820632,24.3314187517613,20.7068747933569,1.53817951858455,1.17504060823158,19.72,27.2,32,64.9861018293821,68.8572591935785,14.1774313981706,105.9474,0.0855422811274967,1,0
23.tif,2,0,1,1,Exclude,Training,2,1128.3716,1596.54824840102,12.9166881618091,0.328299464807676,40.4384541168558,38.9643119317591,11.5712815973235,1.03783313786417,3.36732898633905,34.85,14.79,40,94.9109773588771,140.623439196803,12.8193832599119,135.4832,0.120069664993341,1,0
23.tif,3,0,1,1,Exclude,Training,3,655.5098,854.2420038511,10.7777189793716,0.427191557725372,43.8110492233302,15.4158396939659,8.88006903698111,2.84195023385453,1.736004487101,23.63,13.26,40,113.894019045939,104.750459395115,13.2081826999383,0,0,0,0
23.tif,4,0,1,1,Activated,Training,4,809.3734,1055.3877114197,11.5624562279844,0.397958736089995,30.8726059543767,18.4738407826575,12.1701875732499,1.67115254037258,1.51795859114474,14.62,20.57,30,124.808772405913,60.7796072270228,12.7379847175605,114.9642,0.142040991216168,1,0
23.tif,5,0,1,1,Exclude,Training,5,435.9276,775.890571804661,9.40744991283719,0.358338298796102,35.0123317027189,23.2137872885224,12.7411834351922,1.50825590273372,1.82194906827916,15.3,27.88,26,150.194797136038,149.819588968443,7.8801378944577,0,0,0,0
23.tif,6,0,1,1,Amoeboid,Training,6,615.859,750.228523571793,10.5558746260218,0.466600014045069,34.3974909386579,15.759073131357,8.72525807688625,2.18271028073439,1.8061440696068,9.01,15.13,36,9.19236508681372,62.3639455654622,16.7731581417175,101.9014,0.165462224307837,1,0
23.tif,7,0,1,1,Activated,Training,7,728.4534,906.299702588697,11.1635173270428,0.431996409070303,28.5974895748314,17.9675353902872,11.0777580013668,1.59162004992017,1.62194691273002,18.7,10.2,30,89.6854336269143,15.1636142188368,17.9650876775371,120.3396,0.165198762199476,1,0
23.tif,8,0,1,1,Exclude,Training,8,594.9932,873.742477380786,10.4352884924329,0.391539284686719,32.2403427559371,11.7983357268822,8.54137019186354,2.73261784562362,1.38131651735704,11.39,10.71,34,163.799029531766,76.1279454050903,20.8970273945988,0,0,0,0
23.tif,9,0,1,1,Exclude,Training,9,1350.2658,1772.76338960176,13.7132443690568,0.333257190552368,34.1837704642086,27.7112750538334,17.1705560227967,1.23356902191622,1.61388338368555,21.42,24.14,32,29.6479170412226,24.1239321946835,32.6386712897564,142.5926,0.105603356020718,1,0
23.tif,10,0,1,1,Activated,Training,10,1061.1502,1528.43251636919,12.6549202507352,0.329171653894664,34.9572023442241,24.8382125190126,14.4052045055245,1.40739605627683,1.72425268308319,24.82,21.93,26,29.9813088948199,105.900193910344,29.4958331063783,0,0,0,0
23.tif,11,0,1,1,Activated,Training,11,1428.2958,1848.03818155869,13.9724697784423,0.331883216758105,41.1236732264559,22.8396868082679,20.1093542781404,1.80053577668014,1.13577425174191,22.27,39.27,24,75.0113184411802,96.5812302213587,32.1575816438024,160.106,0.11209582776901,1,0
24.tif,1,0,1,1,Ramified,Training,1,2295.7582,3327.96168763194,16.3672546949362,0.252885096839695,45.204443447064,33.8693828712886,27.3678289914769,1.33466982905627,1.23756191555554,43.01,29.41,26,54.0295344797202,140.413104811299,8.56204838993932,244.5518,0.106523326367733,1,0
24.tif,2,0,1,1,Exclude,Training,2,594.1262,714.555983981973,10.4302174018819,0.478299947945748,40.3891116330973,9.99464873488851,8.07192000262156,4.0410736489528,1.23819967636479,40.12,8.33,12,86.3347125206733,8.53092713298956,4.27103803871972,0,0,0,0
24.tif,3,0,1,1,Ramified,Training,3,4488.1122,7417.4969742418,20.4654686568376,0.177392757064078,54.7166723525664,51.9268306949126,42.0821520255992,1.05372639963423,1.23393952532001,46.24,51.34,40,87.3720111012379,59.6537660497883,22.7487797653543,270.6196,0.0602969774240492,1,0
24.tif,4,0,1,1,Ramified,Training,4,1919.0756,2518.89122476086,15.4181104961534,0.296485027811726,50.0630316199434,31.2862921202764,16.7291784956493,1.6001586710078,1.87016308830783,49.47,31.45,16,102.261384856334,115.375106620083,5.46533341364978,0,0,0,0
24.tif,5,0,1,1,Exclude,Training,5,299.7508,514.589198027418,8.30336080178944,0.420917542587108,24.9933594345881,14.2459717847277,8.15426898665936,1.75441590172051,1.74705688615798,24.31,8.33,14,105.247308137293,160.317310065561,4.8210566910914,0,0,0,0
24.tif,6,0,1,1,Activated,Training,6,567.5382,743.821268477868,10.2722479088137,0.445668834005915,28.2306662075295,13.4158037186073,11.5473087275065,2.1042843798001,1.16181216205383,24.82,11.9,16,114.037658621041,9.22958549750483,5.09135349831958,0,0,0,0
24.tif,7,0,1,1,Ramified,Training,7,3639.2614,5315.4379632845,19.0840938195315,0.215255325421182,67.1763956520903,33.7551951608098,28.1082541749423,1.99010538472854,1.20089974107683,38.76,57.63,36,32.605699220177,80.8911181169894,24.7094960532376,259.0018,0.0711687816654226,1,0
24.tif,8,0,1,1,Ramified,Training,8,2254.489,3036.34264045819,16.2685869489787,0.273841181353172,39.0617976894675,35.2846977285149,21.121184433185,1.10704640266481,1.67058328760562,39.78,35.19,22,128.184384566081,120.106902448404,34.898295090373,142.477,0.0631970260223048,1,0
24.tif,9,0,1,1,Exclude,Training,9,205.1322,319.656392238275,7.31720246179023,0.526207002054817,14.6960603448607,12.8260932069848,5.54047223065759,1.14579397698885,2.3149819497358,13.09,9.18,14,107.96101718794,125.296754015216,35.9729501267963,0,0,0,0
24.tif,10,0,1,1,Exclude,Training,10,233.2808,389.2521296119,7.63765653994477,0.470802894823402,13.5966627328182,11.5119981488273,7.62470977033855,1.18108625080028,1.50982771745765,11.73,7.14,12,40.8796085232904,108.785594648166,36.0550049554014,0,0,0,0
25.tif,1,0,1,1,Ramified,Test,1,1734.6936,2260.35385564463,14.9076109852355,0.308879824988159,41.5333067547632,22.528926727087,22.3573624043352,1.84355461127346,1.00767372821753,34.68,23.97,36,39.2214504198321,127.343396308143,18.343262694922,190.74,0.109956017592963,1,0
25.tif,2,0,1,1,Exclude,Test,2,204.2074,313.785299814689,7.30618981798292,0.534440277862567,21.8165337664084,9.29820869637496,6.91029188646779,2.34631577745872,1.34555947116841,13.6,11.56,18,51.3554457967732,21.8065779790546,5.92018114916502,0,0,0,0
25.tif,3,0,1,1,Ramified,Test,3,2150.3912,2890.46201475429,16.0142381966011,0.278737354697155,41.3121770471813,26.3339027610109,21.3955105407837,1.56878292678846,1.23081441365065,27.71,27.03,38,87.9748492097624,74.5918409310827,14.9014084507042,213.6866,0.0993710353725406,1,0
25.tif,4,0,1,1,Exclude,Test,4,228.31,335.607267473843,7.58301829732997,0.538273158368259,17.3905428097189,12.8926144159142,4.91554688691678,1.34887636042637,2.62282401378963,13.77,6.46,12,121.972632911392,157.306896202532,5.18784810126582,0,0,0,0
25.tif,5,0,1,1,Ramified,Test,5,1049.0122,1531.01166872585,12.6064838635288,0.326106395750618,38.7676513357604,29.7313980656697,12.2396588188713,1.3039296453578,2.42910349917838,31.28,11.39,34,141.546005289547,109.648379525042,13.5201939500799,109.8778,0.104744063033776,1,0
25.tif,6,0,1,1,Exclude,Test,6,236.5754,351.74302008155,7.67344386258853,0.525902245364942,14.4175332370936,10.295525300152,7.54342393059018,1.40036888034074,1.364834509486,14.62,7.82,12,150.484681162961,22.1588541412167,3.69948692890301,0,0,0,0
25.tif,7,0,1,1,Exclude,Test,7,418.9344,802.417676511701,9.2835867553364,0.337427897597412,37.3284520583977,14.2961394535018,10.0995325106472,2.61108617328534,1.41552487092154,15.98,11.73,38,160.86601821192,11.7564334988963,15.2632450331126,0,0,0,0
25.tif,8,0,1,1,Ramified,Test,8,1005.4888,1458.06591248187,12.42966827766,0.332883134748416,47.0599579356916,29.694223586949,16.9986498044602,1.58481860277954,1.74685777567802,20.4,34,36,64.9167906415267,128.66814899977,26.1232467233847,158.372,0.157507472982295,1,0
25.tif,9,0,1,1,Exclude,Test,9,242.7022,433.864423733529,7.73912207051614,0.433689818394632,23.7290364284446,10.2217871828601,5.30457893742028,2.32141757639345,1.92697428079582,11.22,6.12,26,138.506153846154,162.297165991903,20.2848297213622,0,0,0,0
25.tif,10,0,1,1,Exclude,Test,10,269.637,535.895312438324,8.01543238129616,0.376637730230102,24.1414365083984,15.8851235647214,6.35123709241611,1.51975125720854,2.50110700223891,12.92,13.43,20,50.6624415862808,102.492908896034,30.7296891747053,0,0,0,0
TrialControlZip.tif,1,0,1,1,Ramified,Training,1,2762.4932,4287.14881608543,17.4087477223999,0.222083542934267,41.6756856243567,35.6772145470559,28.7142402649668,1.16813170964872,1.24249202548411,27.2,37.74,32,67.3927783822237,45.2183264635728,15.2933631836632,314.6343,0.113895049587814,1,0
TrialControlZip.tif,2,0,1,1,Ramified,Training,2,3892.4254,6404.62672402807,19.5167376925993,0.186840275894395,46.1451607963741,43.9964312052502,28.0111547043306,1.04883872469337,1.5706753852046,35.36,41.65,39,73.9989958867291,94.106816669884,20.6996272812319,238.6851,0.0613204044963842,1,0
TrialControlZip.tif,3,0,1,1,Ramified,Training,3,3067.6772,5348.98760493636,18.0275625902673,0.19087643070942,54.9199004592258,44.1523383110153,30.5699839220374,1.24387297615728,1.4443036157172,53.72,31.62,39,103.466883408072,136.089434657271,28.825507781588,191.5203,0.0624316991370539,1,0
TrialControlZip.tif,4,1,1,2,Ramified,Training,4,3640.5908,6471.2072766257,19.0864173043402,0.176853391196346,58.8558542785047,38.6455100123286,25.888082978972,1.52296746141346,1.4927914918891,23.8,58.82,37,117.545661416823,56.9341163115613,13.9546327755374,283.1333,0.0777712507541358,1,0
TrialControlZip.tif,4,1,2,2,Ramified,Training,5,3632.8456,7194.14765559904,19.0728725177783,0.15885567615633,53.8580009967736,40.8141428520219,30.6018473826116,1.31959162273833,1.33371499902366,30.26,40.29,39,138.409906605995,41.1583721281741,21.8855645007319,113.577,0.0312639215935849,1,0
TrialControlZip.tif,5,0,1,1,Activated,Training,6,204.5542,424.007995906267,7.31032344818188,0.395957899729394,17.7717351803998,11.2941938980529,8.03637432701649,1.57352842892697,1.40538424897461,11.39,8.16,15,151.739843176038,148.101751907319,34.1097767730997,0,0,0,0
TrialControlZip.tif,6,0,1,1,Exclude,Training,7,222.241,583.591508345422,7.51522267876051,0.304035723729104,26.5689767943565,15.5052091526162,10.6243958774597,1.71355165434021,1.4593967818454,23.46,14.79,15,157.771539661899,157.149370611183,34.8607282184655,0,0,0,0
TrialControlZip.tif,7,0,1,1,Exclude,Training,8,232.7606,450.895378602256,7.63197516675476,0.405833586191986,18.7951988364652,14.1663451402398,9.60595129195418,1.32675002976435,1.47474671791282,15.47,9.69,15,159.75233921033,49.8082480754905,35.3942140551279,0,0,0,0
TrialControlZip.tif,8,0,1,1,Activated,Training,9,750.2151,857.762017848089,11.2735940674402,0.465487311311145,28.8510345171761,14.2010619290745,13.8884773793278,2.03161106269863,1.02250675442738,18.02,26.35,14,36.9824688932546,68.4985134250163,34.4687776878924,142.7949,0.190338610886398,1,0
1_baseline_0min.lsm,1,0,1,1,Exclude,Test,1,263.715613975038,440.712220802276,7.95632302848495,0.451252471667166,15.9803806350134,11.921365328804,8.00001644273442,1.34048241910699,1.49016760329673,11.9927285703304,11.5314697791638,16,28.6702388445701,155.65176977583,8.70835014118596,0,0,0,0
1_baseline_0min.lsm,2,0,1,1,Ramified,Test,2,5740.0432024466,9004.79739132667,22.2146178316739,0.172168469830371,76.6289710907683,64.3547657611924,49.7361569545398,1.19072721630474,1.29392316780757,68.7275598838164,60.4249016428184,60,76.2107054315465,60.779949865564,30.2862596834575,519.771879742653,0.0905519107453946,1,0
1_baseline_0min.lsm,3,0,1,1,Ramified,Test,3,6667.67537423455,11003.1685199865,23.3520641502178,0.155697865322178,71.9082277766095,61.9446563068087,52.0140553515352,1.16084634355628,1.1909214901272,62.0393074119013,67.8050423014833,60,56.1042524695565,95.5019040392526,40.9907463543827,318.501229625359,0.047767956858866,1,0
1_baseline_0min.lsm,4,0,1,1,Activated,Test,4,378.60583708639,485.996025569667,8.97558769167144,0.520766385686252,15.771852742589,9.85746174686434,9.78513769448978,1.59999127032941,1.00739121457793,15.2215401084962,14.5296519217464,10,84.8136848183514,178.116008873858,4.49508288845181,0,0,0,0
1_baseline_0min.lsm,5,0,1,1,Ramified,Test,5,4236.47059739489,6254.73885969635,20.0755995768593,0.202431335341219,67.7349612858929,59.1738741245668,32.4694012826689,1.14467680691827,1.82245042369019,33.9025211507416,75.1851829601481,60,102.862100322038,122.461226578356,25.3200080353556,214.036230463,0.0505222981116914,1,0
1_baseline_0min.lsm,6,0,1,1,Activated,Test,6,379.031356431247,436.85136121365,8.97894902058474,0.579785288005384,25.5975238574272,10.861742065763,7.67226074043263,2.35666835968353,1.41571597124194,14.5296519217464,23.7548277450775,12,141.177489863565,56.6980005175031,4.53774908784732,0,0,0,0
1_baseline_0min.lsm,7,0,1,1,Ramified,Test,7,3038.74002145905,5106.62207367553,17.9706991834862,0.198676318322595,63.561112784936,49.2636991663899,39.5087226570866,1.29022208767263,1.24690690696257,39.206997249157,62.5005662030679,46,166.510273654559,101.40829829638,20.8380885699282,256.269025440043,0.0843339751444075,1,0
1_baseline_0min.lsm,8,0,1,1,Activated,Test,8,469.241457540901,583.693432811328,9.64123312585639,0.500299690454437,25.9034284662848,20.5653438658193,9.19837593608085,1.2595669994771,2.23575813912446,14.7602813173297,21.4485337892447,20,169.854602325123,197.702670490066,6.83291770573566,0,0,0,0
1_baseline_0min.lsm,9,0,1,1,Activated,Test,9,1578.25125007409,1956.27249153512,14.4452758584856,0.335098284422595,28.1672402930433,20.3863687211984,17.5894356411662,1.38167030520517,1.15901209891501,25.3692335141604,19.8341280201618,26,195.004444690015,14.7055931120411,11.7510110541925,250.098994939619,0.158465893771906,1,0
1_baseline_0min.lsm,10,0,1,1,Ramified,Test,10,1952.70827354813,3073.2739228952,15.5076591904703,0.245833518920765,62.768395762267,32.0758919484806,26.370595405001,1.95687140557413,1.21635069120956,32.7493741728252,28.367415656743,60,202.369756073588,157.943769891384,14.9143604271083,150.740227915542,0.0771954674220963,1,0
1_baseline_0min.lsm,11,0,1,1,Exclude,Test,11,261.268877742111,511.832694417946,7.93164045422299,0.386142751694107,30.2009095911419,8.03646810832941,7.55645171989433,3.75798288303293,1.06352404623605,19.1422398334119,13.1458755482468,22,76.725122478947,95.3553951035968,14.7695439739414,0,0,0,0
1_baseline_0min.lsm,12,0,1,1,Exclude,Test,12,1227.19779056718,1847.82874077317,13.2832795974899,0.2999844776255,43.1139774109046,28.5973103459499,14.1271234357073,1.50762351037011,2.024284028953,23.9854571406607,32.2881153816587,38,13.1003934162294,57.3096055093095,22.9696601941748,133.081175103983,0.108443134535368,1,0
1_baseline_0min.lsm,13,0,1,1,Activated,Test,13,297.118882546302,513.923041174006,8.27898718289038,0.418992456401707,16.6085157722654,12.8995591768034,7.73663342039242,1.28752584058311,1.6673349344435,11.9927285703304,8.30265824099795,16,23.2538508231284,72.5868244958377,12.4475474400286,0,0,0,0
1_baseline_0min.lsm,14,0,1,1,Ramified,Test,14,1984.19670506753,3299.9435859058,15.590571450486,0.231402168833442,56.6550764990933,31.6683122843919,28.2297776820119,1.789014709414,1.12180523138059,39.8988854359068,32.9800035684085,50,43.4331956056765,140.576159173484,24.7436199871327,169.037559744387,0.0851919365215526,1,0
1_baseline_0min.lsm,15,0,1,1,Ramified,Test,15,2558.43506095187,3439.62858175366,16.9690915176943,0.262999854020649,53.7324336816332,34.8739922639235,22.4536663679374,1.54075946553496,1.55315357823797,31.1349684037423,33.6718917551584,52,87.8707394960549,217.32683588973,25.2860706860707,233.610120326416,0.0913097713097713,1,0
1_baseline_0min.lsm,16,0,1,1,Exclude,Test,16,586.684796721394,1187.81759940515,10.3864883248528,0.285323531994226,37.5517342516172,18.8968289230552,11.2836613280505,1.98719766181521,1.67470720483952,12.6846167570802,21.9097925804113,38,125.219508961664,75.8053941235019,21.3635539437897,0,0,0,0
1_baseline_0min.lsm,17,1,1,2,Ramified,Test,17,1630.16461014663,2359.96728946758,14.6019529962322,0.283834891337216,47.3615732228009,36.6255534076511,24.7416299063452,1.29312921761633,1.4803209629394,26.0611217009102,29.5205626346594,52,115.153359556148,56.0540953312602,28.8726181153746,233.610120326416,0.143304620203602,1,0
1_baseline_0min.lsm,17,1,2,2,Activated,Test,18,1560.69857709875,2150.90676849095,14.3915245886407,0.302511503843492,29.4460971108387,27.232415233136,16.9548001032016,1.08128848869083,1.60617731069526,18.6809810422454,28.8286744479095,32,101.004985606351,43.7933797758836,33.4857882898235,161.590971209392,0.103537591166246,1,0
1_baseline_0min.lsm,18,0,1,1,Ramified,Test,19,4411.14628845863,7375.45509375447,20.3478071460827,0.176358450803459,62.0569580720167,57.3232361438634,38.5956415047746,1.08257946073165,1.48522563452591,35.7475563154078,64.1149719721508,56,136.254680025748,119.594345312405,42.0121063039599,209.461897505789,0.0474846862489751,1,0
1_baseline_0min.lsm,19,0,1,1,Exclude,Test,20,334.458205057491,792.975221415668,8.6122060276928,0.293845522450894,24.3922171605532,16.7640382082239,11.9619362662369,1.45503230531813,1.40144854771891,12.9152461526635,22.8323101627444,20,177.979800169736,82.8692350647104,13.5311704834606,0,0,0,0
1_baseline_0min.lsm,20,0,1,1,Exclude,Test,21,277.544992682886,556.422573600707,8.09303821975766,0.369801198887278,16.2473432014443,15.6982866239526,9.97104453129156,1.03497557349055,1.57438737483195,13.1458755482468,16.1440576908293,18,55.3115412029891,180.293933313279,13.5400536604063,0,0,0,0
1_baseline_0min.lsm,21,0,1,1,Exclude,Test,22,352.117257869051,511.95813459792,8.7611859144765,0.471022027198854,17.6663316518617,7.64887702106346,6.78123176110183,2.30966344513217,1.12794803223488,8.07202884541467,8.99454642774778,18,24.1390939434587,40.6440065103381,18.1649546827795,0,0,0,0
1_baseline_0min.lsm,22,0,1,1,Exclude,Test,23,367.75509379254,640.950537682929,8.88900925115163,0.387286245156859,26.3645409401604,16.291939933012,6.53405596036047,1.61825669923681,2.49338849129066,14.2990225261631,8.53328763658123,26,151.062987958175,27.19545540444,25.2241828174718,0,0,0,0
1_baseline_0min.lsm,23,0,1,1,Ramified,Test,24,5040.59577933814,7659.59786500851,21.2729514882128,0.185609158891738,65.9558962304281,58.5840211131791,45.10584319174,1.12583422880801,1.29881223734461,43.8195851608225,50.7384670283208,52,212.175310683203,108.629448471426,41.2349576852458,274.247217760246,0.0544076989637634,1,0
1_baseline_0min.lsm,24,0,1,1,Activated,Test,25,261.162497905897,477.130459884672,7.93056380965239,0.414114900767174,18.2661704555115,12.3257764135884,4.97375473731661,1.48194887223285,2.47816329203202,14.2990225261631,11.0702109879973,14,129.316203700363,153.343653240138,19.3987780040733,0,0,0,0
1_baseline_0min.lsm,25,0,1,1,Exclude,Test,26,636.78969957829,1019.69074081382,10.6741295431449,0.351031698370173,36.0477514157265,21.5118023592222,8.90549693495138,1.67571971951819,2.41556451216045,12.6846167570802,27.4448980744099,32,173.142418085264,152.964233850174,31.1740728366188,0,0,0,0
1_baseline_0min.lsm,26,1,1,2,Ramified,Test,27,3183.73573821902,4892.40198691533,18.252098201576,0.213920956755192,61.6860865218353,36.7714396458722,36.0109342505595,1.67755429528743,1.02111873549354,45.4339909299054,42.8970675784894,44,108.896599513821,158.047863451701,42.3255145682972,244.673623292694,0.0768511093290564,1,0
1_baseline_0min.lsm,26,1,2,2,Ramified,Test,28,4022.22160725946,6093.8958853448,19.7313041359978,0.200708804578424,53.8314729883327,52.2000961096459,36.5547313379472,1.03125237308491,1.42799835203432,42.8970675784894,47.0483966989884,48,108.945483666896,186.568829847705,41.6094154985454,275.842915303459,0.0685797408093097,1,0
1_baseline_0min.lsm,27,0,1,1,Exclude,Test,29,212.121393411144,444.105810357944,7.39937917583971,0.387305784648012,17.7078546719784,12.0147844534918,5.6402136692704,1.47383873098381,2.13020022963882,9.45580521891433,10.839581592414,18,63.3255809867667,169.201013180137,22.3500501504514,0,0,0,0
1_baseline_0min.lsm,28,0,1,1,Exclude,Test,30,201.483409789723,408.244793828943,7.27355772546935,0.407120524537108,31.1420775421586,8.94127088875688,4.46308751688155,3.48295873479439,2.00338237933643,8.53328763658123,11.9927285703304,32,149.281025596702,215.931703236026,34.8616684266104,0,0,0,0
1_baseline_0min.lsm,29,0,1,1,Activated,Test,31,207.759820126361,414.888606560523,7.34831298957737,0.408877917743941,18.7868361978279,12.4472928859689,5.14557493571237,1.50931101002734,2.41902859087324,11.3008403835805,6.22699368074846,20,202.85620784183,35.598763156967,25.7716333845366,0,0,0,0
1_baseline_0min.lsm,30,0,1,1,Ramified,Test,32,1078.3723997035,2175.61957889192,12.7230152335994,0.233747518247946,45.6478727593181,43.0216951715444,17.1741616019502,1.06104309877382,2.50502447622591,17.7584634599123,42.8970675784894,44,211.836410149745,26.9402071518269,48.1803294860412,0,0,0,0
1_baseline_0min.lsm,31,0,1,1,Exclude,Test,33,220.312640799639,489.471622291918,7.49342326986746,0.360398424564197,23.5848971005661,11.0966865549227,7.25721009460174,2.12539995464713,1.52905681525975,8.30265824099795,12.4539873614969,26,108.171979572077,76.8920186656551,34.061805890874,0,0,0,0
1_baseline_0min.lsm,32,0,1,1,Ramified,Test,34,1518.57216195792,2590.98358967069,14.2608563085057,0.246590543782621,41.2553927373923,41.125061628495,19.610714825399,1.00316914075594,2.09707101422083,38.5151090624072,29.9818214258259,42,174.621963728799,55.430931068306,47.9959369527145,0,0,0,0
1_baseline_0min.lsm,33,0,1,1,Exclude,Test,35,340.096336376845,669.365479058881,8.66033005452601,0.352010363215826,34.3550215548321,14.0600315362396,6.92287376538939,2.44345266696467,2.03095304243913,19.3728692289952,7.8413994498314,34,135.496393039801,62.4841905781704,32.6387238035658,0,0,0,0
1_baseline_0min.lsm,34,0,1,1,Exclude,Test,36,416.157919270008,728.779026673495,9.26303234157101,0.369879590162324,21.9630123307136,13.5181957020575,11.7328144679795,1.62469998325077,1.15216990253708,10.1476934056642,21.2179043936614,16,190.819708070559,216.508120405703,29.2050102249489,0,0,0,0
1_baseline_0min.lsm,35,0,1,1,Exclude,Test,37,310.841881417936,530.442416726332,8.40453394392984,0.418349157502273,20.1719174294524,15.0392077384912,6.31354850463165,1.34128856919933,2.38205309224414,6.91888186749829,19.3728692289952,18,87.2397915599572,125.322450773494,35.5037645448323,0,0,0,0
1_baseline_0min.lsm,36,0,1,1,Activated,Test,38,369.244411499539,548.936046503578,8.90099252319701,0.453424512773028,18.2455490947939,16.7426037355228,8.94939271499878,1.08976771970552,1.87080892175656,15.6827988996628,8.07202884541467,20,166.173695423125,230.956901285043,36.9063670411985,0,0,0,0
1_baseline_0min.lsm,37,0,1,1,Exclude,Test,39,360.308505257545,680.09761292625,8.82860250717748,0.360049780050142,27.8586862151455,17.6576566209873,5.80922295811824,1.57771140379032,3.03959010495736,9.68643461449761,16.8359458775792,26,29.5482762939456,36.4631407022353,42.0059049306171,0,0,0,0
1_baseline_0min.lsm,38,0,1,1,Activated,Test,40,663.8101779767,896.1289963244,10.8230191838006,0.410654133849524,28.7776073167331,16.9266971886081,7.85979950700324,1.70013127759506,2.15357874886326,13.6071343394133,19.1422398334119,22,72.6617129901412,202.770695151022,40.1089743589744,0,0,0,0
1_baseline_0min.lsm,39,0,1,1,Exclude,Test,41,208.398099143647,335.664411464165,7.35583045056352,0.506416672600249,18.183327201826,6.28164329929709,6.26103179958353,2.8946768123336,1.00329202923309,7.38014065866484,8.7639170321645,18,17.7888373159922,59.3261450583474,36.8453292496172,0,0,0,0
1_baseline_0min.lsm,40,0,1,1,Exclude,Test,42,229.993205895132,407.383875218463,7.60160784973955,0.445612085336749,23.5016148094932,9.31689260786397,5.5898413270922,2.52247351114217,1.666754396535,8.53328763658123,8.7639170321645,24,81.3479588350959,185.173963160072,41.7604070305273,0,0,0,0
1_baseline_0min.lsm,41,0,1,1,Amoeboid,Test,43,206.270502419362,353.46081003177,7.3307121725032,0.477640275710407,20.9606520946331,8.92541440891374,3.21293485080729,2.34842340471047,2.77796308464553,9.22517582333106,10.839581592414,20,135.558939352786,72.471867966829,40.7148014440433,0,0,0,0
1_baseline_0min.lsm,42,0,1,1,Activated,Test,44,560.940876357555,975.146397869096,10.2322895723607,0.337307265672294,28.2327052132117,16.6547602095377,11.3129748150862,1.69517332330271,1.47218220510206,17.7584634599123,11.5314697791638,30,15.2172100667434,20.686883818699,48.5886592072824,0,0,0,0
1_baseline_0min.lsm,43,0,1,1,Exclude,Test,45,255.205227077901,476.509100670037,7.8697991329641,0.408324997931507,22.8761383438186,11.1087799398327,5.87468712933623,2.05928449998292,1.89095686208703,17.0665752731625,7.61077005424812,20,71.1273938154317,160.770415375734,41.8107544810338,0,0,0,0
1_baseline_0min.lsm,44,0,1,1,Ramified,Test,46,591.897408695891,839.529389915421,10.4171584997374,0.406080852897409,27.584507651427,12.6877453700791,10.5938157628153,2.17410634016018,1.19765584508403,11.5314697791638,12.9152461526635,28,147.237470345714,189.992570692019,47.8673616103523,0,0,0,0
1_baseline_0min.lsm,45,0,1,1,Exclude,Test,47,526.792948932792,746.829223105695,10.0202935284234,0.422366492083761,26.8484810518153,18.8684970355309,7.31762320108854,1.42292632005917,2.57850076685065,15.2215401084962,13.1458755482468,28,190.307254907656,192.488872996773,49.1627625201939,0,0,0,0
1_baseline_0min.lsm,46,0,1,1,Amoeboid,Test,48,254.247808551973,448.169088756344,7.85994545095672,0.433058969103619,27.1009675485432,8.10735743251077,5.67794791294812,3.34276214835027,1.4278675248187,13.6071343394133,9.45580521891433,26,105.232719289067,69.7576723515367,48.7807531380753,0,0,0,0
1_baseline_0min.lsm,47,0,1,1,Exclude,Test,49,227.333709989777,499.042817579421,7.5721941217077,0.360957060613122,18.8322875608684,9.73336120812949,5.64609315525916,1.93481852344485,1.72391084250234,10.1476934056642,16.3746870864126,12,135.929641758007,189.277124059246,40.110435189518,0,0,0,0
1_baseline_0min.lsm,48,0,1,1,Exclude,Test,50,364.244559197471,768.192255009963,8.8606343912998,0.321077285365227,25.1833397761585,22.3154677312245,8.07674381655463,1.12851498698014,2.76292875421965,20.5260162069116,14.2990225261631,26,134.109242257059,174.916365651507,52.2739485981308,0,0,0,0
1_baseline_0min.lsm,49,0,1,1,Exclude,Test,51,339.245297687131,819.11480886811,8.65310030678116,0.287176283789065,25.4470677554883,12.4323109773637,12.4154404626093,2.04684935904687,1.00135883336602,13.6071343394133,13.8377637349966,26,211.3888001594,57.0089252016204,49.024772656005,0,0,0,0
1_baseline_0min.lsm,50,0,1,1,Exclude,Test,52,1198.36885495313,1618.61798236123,13.1784387884567,0.337080352271595,36.8372157977008,21.6369579823895,17.3133747946183,1.70251362634632,1.24972503853582,21.2179043936614,35.055668128658,24,22.3988333591328,150.333043471282,52.5075898801598,0,0,0,0
1_baseline_0min.lsm,51,0,1,1,Amoeboid,Test,53,261.375257578326,379.847013939627,7.93271680658445,0.520457243244595,15.5642409034953,9.64448493964986,6.6419485851987,1.61379700428671,1.45205654875772,7.38014065866484,9.68643461449761,18,49.9462358119094,8.95793858717899,45.8323158323158,0,0,0,0
1_baseline_0min.lsm,52,0,1,1,Activated,Test,54,270.630303328962,540.655393180937,8.02526288054612,0.374237986462923,20.2379809384159,16.106105707748,7.27402215226029,1.25654092340151,2.21419530634001,11.3008403835805,12.6846167570802,22,129.383544203263,7.75010864741302,50.3805031446541,0,0,0,0
1_baseline_0min.lsm,53,0,1,1,Exclude,Test,55,527.324848113863,803.946917273282,10.0236648675945,0.39262285287025,25.9466434661357,14.54332521292,12.2369948107665,1.7840929145341,1.18847196046241,13.37650494383,17.9890928554956,22,162.356813480257,112.69351584926,50.6108533387129,0,0,0,0
1_baseline_0min.lsm,54,0,1,1,Exclude,Test,56,269.353745294392,559.696523417775,8.01262465037367,0.360368532312225,21.3651869376435,16.9854727633749,6.9018805492625,1.2578505900473,2.46099199227519,13.8377637349966,10.1476934056642,20,39.6380155350575,204.022578499689,51.7345971563981,0,0,0,0
1_baseline_0min.lsm,55,0,1,1,Exclude,Test,57,594.13138525639,1245.7909298742,10.4302477451514,0.274343046088902,28.4010159431742,18.2618242061271,16.7050797103062,1.55521242689683,1.09318988731676,20.9872749980782,25.830492305327,20,77.2414804323889,16.7433224694694,48.4580125335721,0,0,0,0
1_baseline_0min.lsm,56,0,1,1,Exclude,Test,58,232.227182455631,315.888695456315,7.62614064081206,0.578396170485701,20.7735537411192,7.18836429549991,4.11721391456937,2.88988605573648,1.74592927272076,14.0683931305799,9.68643461449761,16,23.4504561057392,217.005991465155,55.0114521300962,0,0,0,0
1_baseline_0min.lsm,57,0,1,1,Exclude,Test,59,422.859848951504,700.568853345468,9.3124926432875,0.388893722603808,21.0167253584899,14.6027095632615,10.4220318264268,1.43923463432877,1.40113845423442,21.2179043936614,12.2233579659136,16,24.3084543344248,77.591561370668,51.8143396226415,0,0,0,0
1_baseline_0min.lsm,58,0,1,1,Exclude,Test,60,399.988184165448,487.66455861278,9.14147298113209,0.538345439802725,16.4260525404248,12.0572337219446,9.85606930291066,1.3623400623419,1.2233308585182,11.9927285703304,11.5314697791638,16,187.44183310652,113.820145703132,54.8218085106383,0,0,0,0
1_baseline_0min.lsm,59,0,1,1,Amoeboid,Test,61,248.396917560191,370.919865819283,7.79918448268614,0.515190878627483,14.8788501306601,11.5637057972162,6.24403619073235,1.28668528857263,1.85196008542992,6.45762307633174,11.3008403835805,14,88.7205110594804,221.73934847053,54.1182012847966,0,0,0,0
1_baseline_0min.lsm,60,0,1,1,Amoeboid,Test,62,200.632371100009,272.240623888283,7.26330243132505,0.608786757480644,12.6446273938088,9.0873110274946,3.98966947453579,1.39145973495913,2.27771024278946,10.3783228012474,4.61258791166553,12,133.422896178045,82.0295932995922,52.3340402969247,0,0,0,0
1_baseline_0min.lsm,61,0,1,1,Exclude,Test,63,226.376291463849,363.099917500959,7.5615490362737,0.4947038249096,20.8810540074334,9.87428006555831,4.36595037230217,2.1146912857239,2.26165650626752,9.91706401008089,20.9872749980782,6,219.551056209626,145.494309935011,58.4248120300752,0,0,0,0
2_US_12min.lsm,1,0,1,1,Exclude,Training,1,485.296302422351,640.521011744806,9.74995893819862,0.466253457219632,47.0732015315778,11.0479010303595,9.69619280636794,4.26082759089001,1.13940607937414,15.3599177458462,25.7382405470936,40,20.4022494659296,332.590454811499,20.5326704545455,0,0,0,0
2_US_12min.lsm,2,0,1,1,Activated,Training,2,1132.24314876237,1204.25941761258,12.9314440877422,0.436238382260361,39.7809673994985,21.8127629037614,11.591040399448,1.82374729762632,1.8818641081434,21.1717785145448,14.9447848337963,36,42.7470636921566,341.595497138525,11.1257229832572,0,0,0,0
2_US_12min.lsm,3,0,1,1,Amoeboid,Training,3,508.733907937066,622.398247701722,9.9044573813018,0.495156958436267,26.4005436129359,10.7803164577424,10.303318489951,2.44895812812388,1.04629556664259,12.4539873614969,17.0204493940458,24,39.4365016232984,11.8498508472129,14.2479674796748,0,0,0,0
2_US_12min.lsm,4,1,1,2,Ramified,Training,4,3759.32299042655,4003.46576567773,19.2916928814752,0.292048131813558,45.9091176324579,43.19089053464,23.5655249771711,1.06293519453223,1.83279984538774,23.2474430747943,45.6646203254887,40,46.4890627943538,212.164014013226,24.2097735399285,510.801931953071,0.135876042908224,1,0
2_US_12min.lsm,4,1,2,2,Amoeboid,Training,5,672.107805201409,670.295397221048,10.8679284915113,0.553575906501767,19.2016418042022,16.0786298146418,9.78648477508206,1.19423371428805,1.64294230095575,12.4539873614969,15.7750506578961,18,59.9843640158089,221.217516393859,10.3712820512821,125.460123637596,0.186666666666667,1,0
2_US_12min.lsm,5,0,1,1,Amoeboid,Training,6,265.396415387223,331.001983753638,7.97319055211591,0.603369791749629,17.1676063956716,9.53746652383743,6.21188247542873,1.80001747348353,1.53535849423474,8.30265824099795,7.05725950484826,18,47.8448768142287,330.00424753072,8.47272727272727,0,0,0,0
2_US_12min.lsm,6,0,1,1,Activated,Training,7,1244.60578696528,1461.52992981669,13.3457934131594,0.382852030719906,37.9079867791387,23.2413541431796,16.2560714403818,1.63105757717922,1.42970300225463,24.0777088988941,17.8507152181456,40,48.3785617973143,260.950180268103,25.3209637219607,142.348986434965,0.114372749930767,1,0
2_US_12min.lsm,7,0,1,1,Exclude,Training,8,419.464204579546,544.225889667675,9.28749859678314,0.497929889868924,26.5069597358846,16.7759490537237,6.17478035395833,1.58005723855015,2.71684952209993,19.9263797783951,12.038854449447,22,65.9402984620917,249.349907678865,9.09613804437141,0,0,0,0
2_US_12min.lsm,8,0,1,1,Amoeboid,Training,9,589.386844561236,378.381897159201,10.4024093174895,0.898436524999483,13.0503275158577,9.42495047290172,9.29719120667778,1.38465741049563,1.01374170578875,9.54805697714764,10.3783228012474,14,69.9336302388245,398.77012058494,7.34152046783626,191.292221480401,0.324561403508772,1,0
2_US_12min.lsm,9,0,1,1,Exclude,Training,10,258.503002000542,487.039286633345,7.90355214327264,0.402930853534887,26.5838546767532,11.1366416673136,6.79377096991857,2.38706204894583,1.63924302373813,10.7934557132973,22.4171772506945,20,83.7837848415586,117.256781805966,10.56,0,0,0,0
2_US_12min.lsm,10,0,1,1,Amoeboid,Training,11,644.18948098535,699.81323803894,10.7153164706383,0.515439531422644,23.0681873758109,12.9167602547135,9.85088937799918,1.78591124406702,1.31122782513035,12.8691202735468,12.4539873614969,22,93.963080175369,301.056209161486,12.0267522739433,0,0,0,0
2_US_12min.lsm,11,0,1,1,Activated,Training,12,1080.54254836227,1070.89839204639,12.7315442394452,0.475514509424859,39.5717601928504,23.4520344921363,14.69887430133,1.68734871194732,1.59549867638601,17.0204493940458,40.68302538089,24,106.796020361744,242.073468959904,9.66634768740032,227.482641760477,0.210526315789474,1,0
2_US_12min.lsm,12,0,1,1,Ramified,Training,13,1292.51501000271,1504.57654655736,13.5148840583013,0.381382036630063,35.837317786176,33.5589477671285,18.9685803817829,1.06789158095354,1.76918604828003,23.2474430747943,32.7955000519419,34,106.059706200046,57.9334030571566,8.4736,163.718567933677,0.126666666666667,1,0
2_US_12min.lsm,13,0,1,1,Exclude,Training,14,245.750187235182,318.600568278734,7.77138476628567,0.595525208695405,16.1787592996915,10.760010246346,5.62411619165557,1.50360073357604,1.91319131391888,6.22699368074846,12.4539873614969,14,130.779676445879,89.3374178008755,6.44600280504909,0,0,0,0
2_US_12min.lsm,14,0,1,1,Exclude,Training,15,348.462046696731,505.491032492215,8.7307647621443,0.473741020285778,18.8657913311192,13.2019626589718,7.85865802817438,1.42901414118895,1.6799258361467,10.3783228012474,14.9447848337963,20,134.894791296546,31.7923648351883,9.36894164193867,0,0,0,0
2_US_12min.lsm,15,0,1,1,Ramified,Training,16,2868.34931019801,3649.47061327598,17.6283286623628,0.267511390976018,44.7306443623016,37.95162021317,25.508178760412,1.17862278635417,1.48782163437203,29.8895696675926,35.2862975242413,38,141.735614652002,156.34074075014,15.929584234559,217.831863019123,0.075943282864696,1,0
2_US_12min.lsm,16,0,1,1,Ramified,Training,17,4757.83391948731,4704.56732383865,20.8674902192234,0.290784077500589,76.8252648012693,47.0734389733571,32.8603064207641,1.63203000411233,1.43253195422462,77.6298545533308,34.8711646121914,40,123.386529489356,59.9902544498317,29.9411764705882,674.175829217413,0.141698058533758,1,0
2_US_12min.lsm,17,0,1,1,Ramified,Training,18,5180.05548942153,5931.91660917658,21.4673578865137,0.244068666717955,68.4289420145053,46.7549037041414,42.8181647484575,1.4635671682165,1.09194086152013,59.3640064231353,45.2494874134388,40,151.793629655609,111.574048282864,21.810233548473,510.112590614403,0.0984762791935591,1,0
2_US_12min.lsm,18,0,1,1,Exclude,Training,19,325.713782520683,576.075501995772,8.53648676328644,0.397400865143272,26.6211202185516,14.3942032545571,8.30571601538936,1.84943339674765,1.7330478465537,15.3599177458462,13.2842531855967,24,153.466071350154,41.6622119004235,14.7513227513228,0,0,0,0
2_US_12min.lsm,19,0,1,1,Exclude,Training,20,3570.44346363148,2427.2445391444,18.9630349770806,0.465427491441827,40.876973100551,21.9088546914831,15.102435311229,1.86577407519351,1.45068356460322,20.7566456024949,17.8507152181456,40,150.555390406725,182.094270830995,21.9681436432088,983.345419610061,0.275412684622068,1,0
2_US_12min.lsm,20,0,1,1,Exclude,Training,21,993.340869020749,829.526783511874,12.3794084922609,0.580389099957589,25.7915312652369,17.7106241334751,11.1805245341648,1.45627455423708,1.58406021822643,22.4171772506945,12.038854449447,22,153.793780013694,302.280571172897,8.79389312977099,246.784199243184,0.248438584316447,1,0
2_US_12min.lsm,21,0,1,1,Exclude,Training,22,235.41006715516,401.909181917807,7.66082372969839,0.458746626807086,38.4840097207413,13.4508911682302,4.81136921535898,2.86107509453627,2.7956472609277,12.038854449447,8.30265824099795,40,158.609339382367,161.432607869149,26.9751098096633,0,0,0,0
2_US_12min.lsm,22,1,1,3,Ramified,Training,23,3184.75698464668,3580.04790779188,18.2540495671975,0.292401425336297,57.626127470963,46.8691379522285,22.9634924352765,1.22951114504599,2.04102830108839,42.3435570290895,50.2310823580376,40,171.793859946591,101.922003862313,19.0313852813853,389.822527016817,0.122402597402597,1,0
2_US_12min.lsm,22,1,2,3,Ramified,Training,24,5962.45790880983,5373.88893517317,22.4979130837894,0.295900470388546,59.8700315047395,44.2594317965543,29.9714691495537,1.35270673559349,1.47671879465453,59.3640064231353,44.0040886772891,36,206.423430663143,105.978208188581,29.3034279438118,1424.86854702699,0.238973351060755,1,0
2_US_12min.lsm,22,1,3,3,Activated,Training,25,1106.73751923165,1005.89459866476,12.8336050610689,0.514392629430762,42.3817795642529,18.9727599333094,15.3963565254595,2.23382258107033,1.23228894459127,19.5112468663452,41.0981582929398,18,200.773842135475,78.1070440825668,35.2930551230146,234.720725816492,0.212083463095609,1,0
2_US_12min.lsm,23,0,1,1,Exclude,Training,26,2299.64270579682,2702.12285629885,16.3764808219533,0.311807059445243,52.5654104920117,40.9063580142665,20.083686255617,1.2850181009436,2.03679531205711,52.3067469182871,22.0020443386446,40,183.958509339178,31.3160912914789,16.5707434052758,0,0,0,0
2_US_12min.lsm,24,0,1,1,Exclude,Training,27,715.5363095375,1082.63333230271,11.097138800719,0.357347308069497,57.0195871319308,16.9856282986452,16.8523938843487,3.35693129093604,1.00790596369933,47.7402848857382,33.6257658760417,20,229.281146801639,76.8589791313885,6.73314065510597,0,0,0,0
2_US_12min.lsm,25,0,1,1,Amoeboid,Training,28,615.581815430624,706.086716462386,10.554290732827,0.49562127201626,27.6985998872322,19.7914244344711,6.99897158742223,1.39952533375966,2.82776179146634,15.7750506578961,15.7750506578961,30,209.81342683166,385.844657524228,11.7816349384099,104.090542138885,0.169092945128779,1,0
2_US_12min.lsm,26,0,1,1,Exclude,Training,29,386.375820323477,400.252000062835,9.03657323533308,0.640949638811565,19.3212626327391,10.7984725433952,4.55999445957502,1.78925885629601,2.36808896131895,14.5296519217464,7.05725950484826,18,235.818824439934,24.6439338966856,8.97413024085638,0,0,0,0
2_US_12min.lsm,27,0,1,1,Ramified,Training,30,738.284573713548,1156.21892981518,11.2135138529397,0.341659298670522,42.5597241477234,22.8111662091669,13.0114124724257,1.86574082874467,1.75316601925496,36.531696260391,21.5869114265947,32,249.35126973684,53.3465172605596,12.6974789915966,0,0,0,0
2_US_12min.lsm,28,0,1,1,Ramified,Training,31,3693.49089258374,3225.4756716019,19.1784190333573,0.358246296095751,41.4138010489853,39.5493247038812,22.3371064620927,1.04714306398564,1.77056615506573,43.1738228531893,23.6625759868442,40,234.459793440147,169.709325138497,15.540313549832,834.792361127083,0.22601717058604,1,0
2_US_12min.lsm,29,0,1,1,Exclude,Training,32,330.53917189136,397.85442472095,8.57843577485146,0.581087975375451,23.4132984026314,16.9527099991294,10.5575872772023,1.38109472785377,1.60573713993693,13.2842531855967,18.2658481301955,22,245.619296240442,140.349554755622,6.96558915537018,0,0,0,0
2_US_12min.lsm,30,1,1,3,Exclude,Training,33,707.264213473483,655.546778039719,11.0542094013752,0.58560066324939,25.4170614836455,19.4745983876273,12.5662856463036,1.3051391858121,1.54974977775996,14.1145190096965,16.6053164819959,22,296.418656044766,55.4847795281272,6.46783625730994,149.242399821646,0.211013645224172,1,0
2_US_12min.lsm,30,1,2,3,Ramified,Training,34,2167.97851011121,2507.26268549717,16.0577780280065,0.323088080276328,56.5932043732247,31.2164166952111,28.5393242055464,1.81293083462416,1.0938036398614,53.5521456544368,31.1349684037423,36,292.157739719327,69.1727589491858,18.8909379968203,404.643365798182,0.18664546899841,1,0
2_US_12min.lsm,30,1,3,3,Exclude,Training,35,652.806247718702,791.231500287621,10.7628815315353,0.459942375245151,39.905361504192,14.8829848748308,9.23526575514312,2.68127407504643,1.611538343284,33.2106329639918,22.4171772506945,16,286.763031832415,36.3271983686579,12.9883843717001,132.698207693612,0.203273495248152,1,0
2_US_12min.lsm,31,0,1,1,Amoeboid,Training,36,329.505159883357,283.357011743838,8.56948124248245,0.814188518667949,16.6680862755221,10.7355451414126,8.44252377454483,1.55260734838929,1.2716037796401,7.88752532894805,10.7934557132973,18,304.334545759006,172.100383369339,5.16108786610879,0,0,0,0
2_US_12min.lsm,32,0,1,1,Activated,Training,37,877.531524124506,747.119221370173,11.8783112639824,0.593293193469351,23.663639797616,14.6146654372466,6.99008400899372,1.61917081846481,2.09077107205618,13.6993860976466,16.190183569946,24,365.495016468783,248.672930020367,12.5585231736057,206.113060261765,0.234878240377062,1,0
2_US_12min.lsm,33,0,1,1,Exclude,Training,38,410.158096507527,444.379014919212,9.21830108659726,0.600755988332805,25.7573813756997,12.9538726973622,5.85563397985937,1.98839235010737,2.21220669562296,10.7934557132973,15.7750506578961,22,370.552172361164,89.6687090027778,7.31596638655462,0,0,0,0
2_US_12min.lsm,34,1,1,3,Exclude,Training,39,2579.51528929607,2218.76816285374,17.0155697138193,0.40995004319904,40.358371521413,27.8841641120281,19.1314100184474,1.44735812625648,1.45750700471846,21.5869114265947,22.8323101627444,40,399.096988852532,172.134384944742,22.4404061998931,600.071635310591,0.232629609834313,1,0
2_US_12min.lsm,34,1,2,3,Exclude,Training,40,1446.58279919503,1631.60806391218,14.0318486438455,0.379108753781367,40.6162056973069,38.1425657071112,17.3676591698592,1.06485248027598,2.1961834542047,30.7198354916924,31.5501013157922,38,384.304273555289,185.193986917271,13.2242077674529,117.877368912247,0.0814867762687634,1,0
2_US_12min.lsm,34,1,3,3,Exclude,Training,41,2069.74736935101,1727.95256975275,15.8114939297275,0.454531374862769,30.8747506049702,20.4796798885796,17.3070662412241,1.50757974601875,1.1833131972303,25.7382405470936,27.8139051073431,18,390.843938175283,193.218619183751,34.1508742714405,396.715940403498,0.191673605328893,1,0
2_US_12min.lsm,35,0,1,1,Activated,Training,42,1719.5619693076,2043.2766572902,14.8641382632465,0.339705182050865,58.1124247040258,32.8960511543404,20.2412080547853,1.76654712844944,1.62520196745685,37.7770949965407,47.7402848857382,32,355.567455079546,156.569844945553,18.9733413509721,292.970068933948,0.170374824614151,1,0
2_US_12min.lsm,36,1,1,3,Activated,Training,43,1375.58064131222,1247.84885681467,13.7984131484826,0.479342764101915,38.241974588443,21.2557211964179,14.5039214020166,1.7991379466761,1.46551547042048,24.492841810944,15.7750506578961,36,148.313852094623,263.6708733564,19.3996492107241,357.76815476875,0.260085191681283,1,0
2_US_12min.lsm,36,1,2,3,Activated,Training,44,774.474993993624,789.962772631433,11.3938262538198,0.516276589368295,22.7810553902176,17.6434934642374,16.3913119400945,1.29118733976317,1.07639300189755,20.7566456024949,16.6053164819959,18,135.444363987876,270.727810856749,34.7752558967512,104.090542138885,0.13440142412105,1,0
2_US_12min.lsm,36,1,3,3,Activated,Training,45,938.882903265968,762.214676206478,12.1489180574413,0.608341958509604,27.6601898244881,20.1999918295963,9.7181946810757,1.36931688179999,2.07857451846811,21.1717785145448,18.6809810422454,22,121.788170288988,292.939971931831,34.9419970631424,251.264917944527,0.267621145374449,1,0
2_US_12min.lsm,37,0,1,1,Exclude,Training,46,449.105882142275,747.111625382689,9.50130749640166,0.379604302118334,36.7622206632826,19.1099575881432,11.7555999363444,1.92372068298528,1.62560462176512,16.6053164819959,11.6237215373971,36,186.198421275697,131.016966555855,22.2993092862625,0,0,0,0
2_US_12min.lsm,38,0,1,1,Amoeboid,Training,47,769.304933953613,725.160554093893,11.3684162090497,0.559906656769248,39.0013182351311,13.9340124999434,8.03778630656536,2.79900123781928,1.73356344253168,7.47239241689816,22.8323101627444,36,195.323010982646,329.607720526801,15.9767025089606,228.516653768479,0.297043010752688,1,0
2_US_12min.lsm,39,0,1,1,Exclude,Training,48,2088.01491482571,1961.57511542556,15.8578750443197,0.402749409280147,38.9375601965706,35.7568931479302,18.5013002691551,1.08895255623808,1.93266919771813,19.0961139542953,37.7770949965407,34,12.6090625975433,35.2245552406896,28.0772532188841,393.613904379492,0.188511059755695,1,0
2_US_12min.lsm,40,0,1,1,Exclude,Training,49,300.897494328631,441.820084669876,8.31393547594076,0.491493430707665,17.9158658185609,10.7709437836011,7.27641691611005,1.66335152968099,1.4802537990579,10.3783228012474,9.13292406509775,20,46.9899071821703,382.115817568384,17.0355097365407,0,0,0,0
2_US_12min.lsm,41,0,1,1,Exclude,Training,50,1019.1911692208,1050.21810826622,12.4858757808087,0.466346144115007,37.0338885327457,20.4693328581908,10.2587093585687,1.80923769178568,1.99531267947401,24.0777088988941,14.5296519217464,34,60.2779446231507,360.237094734578,23.9513019952655,163.029226595008,0.159959418329388,1,0
2_US_12min.lsm,42,0,1,1,Exclude,Training,51,303.999530352637,570.522905470754,8.34240807995175,0.383230131056858,39.7012631378218,15.2455846377865,7.87281689882052,2.60411549186649,1.93648408615607,14.1145190096965,24.9079747229938,34,72.7678103566466,276.045500968218,26.3492063492063,0,0,0,0
2_US_12min.lsm,43,0,1,1,Activated,Training,52,376.035700243455,474.49945349699,8.95523152908321,0.530967321723992,32.6456653078276,10.707960087222,7.4297587245921,3.04872870667348,1.44122581690025,11.2085886253472,8.71779115304785,34,89.631799843778,165.812684526269,30.4307974335472,0,0,0,0
2_US_12min.lsm,44,0,1,1,Amoeboid,Training,53,686.583973313439,530.771388457621,10.9454010653637,0.709097131139817,16.544382307008,13.693557344488,6.81256038473996,1.2081873169113,2.01004564673824,11.6237215373971,9.54805697714764,18,153.954291154312,335.995074689541,15.7841365461847,225.069947075138,0.32781124497992,1,0
2_US_12min.lsm,45,0,1,1,Exclude,Training,54,242.648151211175,321.947976052294,7.73854753757162,0.584363501978122,14.9768569507413,9.83418644235124,4.38057294383796,1.5229380730716,2.24495438574644,12.038854449447,6.22699368074846,14,262.379332028765,69.5648363173842,14.3778409090909,0,0,0,0
2_US_12min.lsm,46,0,1,1,Amoeboid,Training,55,324.335099843347,336.586864805061,8.52442530354409,0.678239264134563,17.1363836916645,9.97053975018643,5.08082181351936,1.71870170733175,1.96238721138699,8.30265824099795,10.3783228012474,16,286.126278887101,394.038336786797,13.3815090329437,0,0,0,0
2_US_12min.lsm,47,0,1,1,Activated,Training,56,1665.79334489149,1369.50698994795,14.707566931337,0.496212027052296,31.5703931767906,26.7959555355802,17.3549338213573,1.17817754753589,1.54399641113034,22.4171772506945,20.7566456024949,30,94.4603031194327,186.465455395677,30.0819366852886,429.804324659568,0.258017794330643,1,0
2_US_12min.lsm,48,0,1,1,Exclude,Training,57,538.030914830461,728.136947795275,10.0910463916376,0.43934856195744,26.9855685852396,12.0498322516077,8.01032580719839,2.2394974487416,1.50428740873177,12.038854449447,9.96318988919754,28,123.62158152957,318.203765102294,22.6739269698911,0,0,0,0
2_US_12min.lsm,49,0,1,1,Ramified,Training,58,1649.93849410213,1852.6801948249,14.6607563968436,0.364470320690381,38.8583063411856,24.6989663539916,22.0410963467285,1.57327662155003,1.12058701461362,31.5501013157922,24.492841810944,30,306.936284380012,210.866099260918,27.8671401712973,251.609588613861,0.15249634426572,1,0
2_US_12min.lsm,50,0,1,1,Amoeboid,Training,59,529.41414809711,527.102009996067,10.0368855892132,0.600417231508457,23.4572140948251,9.99879287421324,7.02138324036016,2.34600460174757,1.42404887070377,10.7934557132973,7.47239241689816,24,47.544610257923,250.823791944428,26.4674479166667,0,0,0,0
2_US_12min.lsm,51,0,1,1,Amoeboid,Training,60,218.865875027125,250.543027889355,7.47698443969033,0.701004013834013,10.7500553462965,8.61480957311425,5.30697873549324,1.24785757074029,1.62329830257245,9.13292406509775,5.81186076869856,12,122.900915803144,291.110156755293,18.1070866141732,0,0,0,0
2_US_12min.lsm,52,0,1,1,Exclude,Training,61,301.931506336633,453.57748063739,8.3234479962242,0.479849370274855,17.2564390065256,13.6865079162701,10.8499920373855,1.26083578894597,1.26143022677905,13.6993860976466,10.3783228012474,20,87.5105865353404,364.655403762332,23.9178082191781,0,0,0,0
2_US_12min.lsm,53,0,1,1,Activated,Training,62,372.933664219448,449.185929216964,8.93053866975443,0.557800680638543,18.7246657157596,13.9254546444753,6.74162138386305,1.34463586244117,2.0655942912795,10.3783228012474,12.8691202735468,20,183.90771675633,235.020860634519,26.8484288354898,0,0,0,0
2_US_12min.lsm,54,0,1,1,Exclude,Training,63,1544.81393995524,1632.4320448995,14.3425328241084,0.395882647687472,42.280393070463,31.1288805111484,18.3128432118441,1.35823686480858,1.69983874983516,23.2474430747943,37.3619620844908,26,188.738390854114,177.717177034896,31.1834002677376,306.412225037976,0.198348951361,1,0
2_US_12min.lsm,55,0,1,1,Amoeboid,Training,64,1027.11859461549,705.621232571934,12.518164562193,0.69768525570039,20.5789709159502,12.9043439351204,10.2223237205852,1.59473205452488,1.26236893761584,12.4539873614969,10.7934557132973,22,321.787072729516,253.82159595251,25.144966442953,395.681928395496,0.385234899328859,1,0
2_US_12min.lsm,56,0,1,1,Exclude,Training,65,805.150683564354,775.021402230652,11.5423130193065,0.540034956631688,26.3144746114873,16.2033916348776,9.24538416014275,1.62401028157868,1.75259257530164,16.190183569946,13.2842531855967,26,328.702453014318,137.85629249281,30.6686643835616,135.11090237895,0.167808219178082,1,0
2_US_12min.lsm,57,0,1,1,Amoeboid,Training,66,336.398573270039,364.89278786519,8.62882857142747,0.641044642643011,14.7069566112086,9.82793592095079,5.83846833241951,1.49644408851475,1.68330722398181,9.54805697714764,7.05725950484826,16,94.735372167059,227.467740678537,24.1209016393443,0,0,0,0
2_US_12min.lsm,58,0,1,1,Exclude,Training,67,381.5504309528,545.470814225477,8.99879673419589,0.466387861232068,32.9055822666298,10.1121227561396,8.39426051152609,3.25407266705215,1.20464723989143,20.341512690445,18.2658481301955,24,127.313051469178,80.8759164202721,31.0858175248419,0,0,0,0
2_US_12min.lsm,59,0,1,1,Amoeboid,Training,68,937.159549919298,618.010050070396,12.1414802460699,0.749372256157679,22.1670565530056,10.0240756424219,8.33280772417733,2.21138161200565,1.20296495181779,9.54805697714764,11.2085886253472,24,127.117392490007,198.195506137899,28.4678190511217,330.53917189136,0.352703199705774,1,0
2_US_12min.lsm,60,0,1,1,Activated,Training,69,1606.1653190967,1427.07475073595,14.5299417748098,0.464762306583889,42.2695765219839,26.9052396171131,13.9581916179015,1.57105371011445,1.92755912467965,38.6073608206405,29.0593038434928,24,234.633210974919,300.412268069648,31.2450643776824,380.861089614132,0.237124463519313,1,0
2_US_12min.lsm,61,0,1,1,Amoeboid,Training,70,976.107335554046,815.821379289942,12.3074000665711,0.58329388926283,19.9984372030579,14.0504250891529,11.4011868498168,1.42333324978878,1.23236512779183,14.5296519217464,12.8691202735468,22,275.008550201349,145.018591250922,28.284604519774,277.804559483249,0.284604519774011,1,0
2_US_12min.lsm,62,0,1,1,Exclude,Training,71,1018.50182788214,1024.59829814784,12.4830601587083,0.477791445184248,32.9204810624482,21.241288884141,20.9588737560116,1.5498344399914,1.01347472824242,25.7382405470936,23.2474430747943,22,40.8709941918284,301.38832045207,34.556345177665,148.208387813644,0.145516074450085,1,0
2_US_12min.lsm,63,0,1,1,Exclude,Training,72,260.91569668588,394.201700313943,7.92806486779202,0.500916998152091,15.5532690086273,10.8775995689916,5.95355954114052,1.42984386490605,1.8270749614285,14.1145190096965,7.05725950484826,14,53.8740518887476,297.157841724426,25.7014531043593,0,0,0,0
2_US_12min.lsm,64,0,1,1,Exclude,Training,73,419.464204579546,594.02266630952,9.28749859678314,0.456188547466711,26.5173063701468,17.6787511095085,7.59814020242571,1.49995359999635,2.32672083411472,13.6993860976466,18.2658481301955,22,114.360077810281,284.905683428677,29.0944946589975,0,0,0,0
2_US_12min.lsm,65,0,1,1,Amoeboid,Training,74,205.079048253763,261.483159984904,7.31657042111205,0.64316331050772,11.1237604116097,7.54232070747504,7.38718335628837,1.47484585223022,1.02100087999773,9.96318988919754,7.88752532894805,12,156.765350828012,283.043201054606,24.2453781512605,0,0,0,0
2_US_12min.lsm,66,0,1,1,Activated,Training,75,1718.87262796894,1271.9684993056,14.862151742907,0.545552938042405,33.9033120208031,25.3951711817875,16.0435711825261,1.33502986761189,1.58288768085791,18.2658481301955,29.8895696675926,22,291.585628136805,156.355686632239,31.4249047523561,571.463969755865,0.332464407459394,1,0
2_US_12min.lsm,67,0,1,1,Exclude,Training,76,220.93389904313,256.670233913415,7.50046021206442,0.688573317278505,19.6510706475171,5.89572779294476,3.88894282641547,3.33310345010042,1.51602326290278,8.71779115304785,5.39672785664867,20,131.117236882955,171.534732632113,33.3728549141966,0,0,0,0
2_US_12min.lsm,68,0,1,1,Exclude,Training,77,380.861089614132,388.663844315148,8.99337413768293,0.653764076316503,22.0136834846206,11.051728058685,7.41883081469412,1.99187705015245,1.48968595385615,10.3783228012474,13.2842531855967,20,173.125827446431,15.8498121506544,35.089592760181,0,0,0,0
2_US_12min.lsm,69,0,1,1,Amoeboid,Training,78,225.414617744473,273.938564002823,7.5508263815449,0.653861350124099,14.0725119424665,9.93651490775065,4.99766058168137,1.41624222105174,1.9882332434044,11.2085886253472,5.81186076869856,16,187.14432883935,285.9859517749,28.4831804281346,0,0,0,0
2_US_12min.lsm,70,0,1,1,Exclude,Training,79,343.981327995388,394.339715372014,8.69318153464132,0.602055948525684,19.1746358745384,8.48643370778089,6.75171989168582,2.25944566761393,1.25692917418438,13.2842531855967,7.47239241689816,20,193.632881721406,350.809356818775,32.374749498998,0,0,0,0
2_US_12min.lsm,71,0,1,1,Exclude,Training,80,535.273549475789,580.52628079551,10.0737782571206,0.549177532408385,21.247255653074,13.7091232350593,11.5132266637918,1.54986247397186,1.19072816295482,19.5112468663452,11.2085886253472,20,269.074291137486,134.42527620384,30.2820347714102,0,0,0,0
2_US_12min.lsm,72,0,1,1,Exclude,Training,81,309.858931731316,336.896019190554,8.39566560092215,0.657300947030016,17.3368993275953,10.699750797341,9.76502542995571,1.62030870213386,1.09572175455047,11.2085886253472,12.038854449447,18,7.02724433323174,308.511172346243,36.4226918798665,0,0,0,0
2_US_12min.lsm,73,0,1,1,Exclude,Training,82,202.666353568425,273.667108355077,7.2877647275041,0.609699665696529,17.8185559374851,7.74408127369009,4.99100729075689,2.30092574028403,1.55160688465268,8.71779115304785,8.30265824099795,18,127.735267424387,338.19000362484,33.1598639455782,0,0,0,0
2_US_12min.lsm,74,0,1,1,Exclude,Training,83,820.660863684387,750.137463033578,11.6159580125872,0.565091902926117,22.7879934956831,16.3048998650442,10.9689380725238,1.39761628003236,1.48646111020413,18.6809810422454,19.5112468663452,18,208.335872883779,319.48269745548,35.3733725325493,146.14036379764,0.178076438471231,1,0
2_US_12min.lsm,75,0,1,1,Exclude,Training,84,237.13342050183,372.598300844597,7.67947235179412,0.497246534387864,19.742853265245,12.6218719671954,3.82900885062422,1.56417790614238,3.29638098515697,15.3599177458462,6.64212659279836,16,17.0626867542834,15.9554645251969,33.3226744186046,0,0,0,0
2_US_12min.lsm,76,0,1,1,Amoeboid,Training,85,201.287670891089,221.324035616279,7.27120156874995,0.750470560512389,12.1753245801824,6.01055605813225,4.65826950394804,2.02565693796487,1.29029805017466,6.64212659279836,4.98159494459877,14,65.4729999953217,228.093499006567,31.4417808219178,0,0,0,0
2_US_12min.lsm,77,0,1,1,Exclude,Training,86,854.09391860979,1162.71506250632,11.7716046830994,0.37441040743646,42.4938271763331,19.8919255792476,15.4844503882178,2.13623497670156,1.28463878797942,36.9468291724409,28.229038019393,16,92.3370855254295,111.936619334733,35.7554479418886,0,0,0,0
2_US_12min.lsm,78,0,1,1,Exclude,Training,87,1433.48531376034,936.308686931969,13.989371665362,0.656639852240052,21.7633145384884,17.1325056987252,15.132480263355,1.27029372826112,1.1321677213889,19.5112468663452,16.190183569946,16,141.76364730376,196.080579775253,35.223851887473,447.03785812627,0.311853811012263,1,0
2_US_12min.lsm,79,0,1,1,Amoeboid,Training,88,226.103959083141,281.205148067568,7.55851561942576,0.638262950222816,16.4635562764421,8.25185402797884,4.78037416724485,1.99513421112644,1.72619417210489,9.13292406509775,7.05725950484826,16,165.255173048473,12.3483056598013,33.0030487804878,0,0,0,0
2_US_12min.lsm,80,0,1,1,Activated,Training,89,1035.3906906795,654.625740637007,12.5516805576568,0.756067465305594,28.9810500340941,14.1784304949035,8.20159062810793,2.04402384625799,1.72874155000033,24.9079747229938,12.4539873614969,16,177.910985942247,39.6956336842867,34.4247669773635,354.666118744743,0.34254327563249,1,0
2_US_12min.lsm,81,0,1,1,Exclude,Training,90,591.799539246574,637.667894806634,10.4165843136548,0.534571729791718,18.7971806618253,16.30931191981,9.63901422632954,1.15254283897737,1.69201035882489,9.54805697714764,15.7750506578961,16,312.800352338122,265.018481627764,33.6831683168317,0,0,0,0
2_US_12min.lsm,82,0,1,1,Exclude,Training,91,217.831863019123,323.5836769244,7.46519106926365,0.541059619445782,15.8335446591144,12.3323171602348,5.18386185334414,1.28390670247836,2.37898260199182,9.96318988919754,8.71779115304785,14,47.3422302263992,324.663495737327,33.879746835443,0,0,0,0
2_US_12min.lsm,83,0,1,1,Exclude,Training,92,1132.93249010104,947.497379205793,12.9340678971046,0.554679516338747,25.8223687686792,14.8295186495818,14.015843695752,1.74128165443909,1.05805394034727,24.0777088988941,13.2842531855967,14,200.678432328482,377.874764767262,35.6172801947064,196.117610851078,0.173106175844235,1,0
2_US_12min.lsm,84,0,1,1,Exclude,Training,93,203.700365576427,249.176626710458,7.3001378662483,0.671900082787906,15.6652033801985,12.5167136925328,5.62104608430844,1.25154283824069,2.22675877493232,11.2085886253472,12.038854449447,14,276.717343773958,45.2761795465317,36.9137055837563,0,0,0,0
2_US_12min.lsm,85,0,1,1,Exclude,Training,94,316.407674448663,401.403787840767,8.45440007549018,0.559414858332274,21.4032235107088,11.3734836313635,4.03907712767783,1.88185293129427,2.81586195852179,5.81186076869856,20.7566456024949,12,235.28494387255,107.253522094251,35.5185185185185,0,0,0,0
2_US_12min.lsm,86,0,1,1,Activated,Training,95,836.17104380442,503.001820109074,11.6886808459972,0.853318806610039,17.534454775621,11.9247291751931,11.850822842202,1.47042792486204,1.00623638830613,16.190183569946,12.4539873614969,12,322.29423717914,78.3668609227451,37.0090684253916,312.271626416655,0.373454245671888,1,0
2_US_12min.lsm,87,0,1,1,Exclude,Training,96,401.196659104841,331.233956677466,9.15067003118684,0.794183409967256,16.2179164638739,13.6814087059694,9.06060296869133,1.18539814228324,1.50998876711022,12.038854449447,16.190183569946,10,234.449165227341,235.886081466731,37.4536082474227,0,0,0,0
2_US_12min.lsm,88,0,1,1,Amoeboid,Training,97,476.679535688999,319.686358765405,9.69190827110154,0.923090662496392,16.3516131325692,10.1579838301164,8.12333537699776,1.60973017933834,1.25046958652969,9.96318988919754,16.6053164819959,10,276.403177154137,76.018850692903,37.8018799710774,160.271861240336,0.336225596529284,1,0
2_US_12min.lsm,89,0,1,1,Amoeboid,Training,98,484.262290414349,319.700821859048,9.74302932752146,0.932812032782178,16.6964408376178,10.0232708276977,8.54686460147027,1.66576770443834,1.17274243773248,15.3599177458462,8.30265824099795,10,373.46538641068,290.438508532436,37.1131672597865,159.927190571002,0.330249110320285,1,0
